[{"model": "contenttypes.contenttype", "pk": 1, "fields": {"app_label": "admin", "model": "logentry"}}, {"model": "contenttypes.contenttype", "pk": 2, "fields": {"app_label": "auth", "model": "permission"}}, {"model": "contenttypes.contenttype", "pk": 3, "fields": {"app_label": "auth", "model": "group"}}, {"model": "contenttypes.contenttype", "pk": 4, "fields": {"app_label": "auth", "model": "user"}}, {"model": "contenttypes.contenttype", "pk": 5, "fields": {"app_label": "contenttypes", "model": "contenttype"}}, {"model": "contenttypes.contenttype", "pk": 6, "fields": {"app_label": "sessions", "model": "session"}}, {"model": "contenttypes.contenttype", "pk": 7, "fields": {"app_label": "data", "model": "project"}}, {"model": "contenttypes.contenttype", "pk": 8, "fields": {"app_label": "data", "model": "data"}}, {"model": "contenttypes.contenttype", "pk": 9, "fields": {"app_label": "data", "model": "aspect"}}, {"model": "contenttypes.contenttype", "pk": 10, "fields": {"app_label": "data", "model": "entity"}}, {"model": "contenttypes.contenttype", "pk": 11, "fields": {"app_label": "data", "model": "chart"}}, {"model": "contenttypes.contenttype", "pk": 12, "fields": {"app_label": "data", "model": "classification"}}, {"model": "sessions.session", "pk": "2r63nm24x1vf0mhlbhv3qde1fnmcfm4l", "fields": {"session_data": "YmU4MTA0NmViM2VhMjNmNGRiZDliNDc3MzM4NTIyZjdjYmFhYjAxODp7Il9hdXRoX3VzZXJfaWQiOiIxIiwiX2F1dGhfdXNlcl9iYWNrZW5kIjoiZGphbmdvLmNvbnRyaWIuYXV0aC5iYWNrZW5kcy5Nb2RlbEJhY2tlbmQiLCJfYXV0aF91c2VyX2hhc2giOiJjMzY1ZDg4MGE2MjdkNzdhYTEyYzAyMzI2OWYxZGE1ZDNmNzBkMDdlIn0=", "expire_date": "2020-08-18T11:59:57.096Z"}}, {"model": "sessions.session", "pk": "rkaue6j2axkmw9vyw40bxnikrp8pm7q6", "fields": {"session_data": "YmU4MTA0NmViM2VhMjNmNGRiZDliNDc3MzM4NTIyZjdjYmFhYjAxODp7Il9hdXRoX3VzZXJfaWQiOiIxIiwiX2F1dGhfdXNlcl9iYWNrZW5kIjoiZGphbmdvLmNvbnRyaWIuYXV0aC5iYWNrZW5kcy5Nb2RlbEJhY2tlbmQiLCJfYXV0aF91c2VyX2hhc2giOiJjMzY1ZDg4MGE2MjdkNzdhYTEyYzAyMzI2OWYxZGE1ZDNmNzBkMDdlIn0=", "expire_date": "2020-08-21T17:33:37.426Z"}}, {"model": "data.classification", "pk": 1, "fields": {"label": "Person.emotion"}}, {"model": "data.classification", "pk": 2, "fields": {"label": "Location.city"}}, {"model": "data.classification", "pk": 3, "fields": {"label": "Animal.bird"}}, {"model": "data.classification", "pk": 4, "fields": {"label": "Person.author"}}, {"model": "data.classification", "pk": 5, "fields": {"label": "Person.businessman"}}, {"model": "data.classification", "pk": 6, "fields": {"label": "Health.body_part"}}, {"model": "data.classification", "pk": 7, "fields": {"label": "Time.time_of_day"}}, {"model": "data.classification", "pk": 8, "fields": {"label": "Science.theory"}}, {"model": "data.classification", "pk": 9, "fields": {"label": "Person.relationship"}}, {"model": "data.classification", "pk": 10, "fields": {"label": "Technology.software"}}, {"model": "data.classification", "pk": 11, "fields": {"label": "Technology.operating_system"}}, {"model": "data.classification", "pk": 12, "fields": {"label": "Location.state_or_province"}}, {"model": "data.classification", "pk": 13, "fields": {"label": "Person.fictional_character"}}, {"model": "data.classification", "pk": 14, "fields": {"label": "Event.social"}}, {"model": "data.classification", "pk": 15, "fields": {"label": "Product.food"}}, {"model": "data.classification", "pk": 16, "fields": {"label": "Org.nonprofit"}}, {"model": "data.classification", "pk": 17, "fields": {"label": "Location.river"}}, {"model": "data.classification", "pk": 18, "fields": {"label": "Time.month"}}, {"model": "data.classification", "pk": 19, "fields": {"label": "Science.plant"}}, {"model": "data.classification", "pk": 20, "fields": {"label": "Person.musician"}}, {"model": "data.classification", "pk": 21, "fields": {"label": "Person.artist"}}, {"model": "data.classification", "pk": 22, "fields": {"label": "Product.musical_instrument"}}, {"model": "data.classification", "pk": 23, "fields": {"label": "Health.organ"}}, {"model": "data.classification", "pk": 24, "fields": {"label": "Number.financials"}}, {"model": "data.classification", "pk": 25, "fields": {"label": "Person.philosopher"}}, {"model": "data.classification", "pk": 26, "fields": {"label": "Person.scientist"}}, {"model": "data.classification", "pk": 27, "fields": {"label": "Location.island"}}, {"model": "data.classification", "pk": 28, "fields": {"label": "Time.season"}}, {"model": "data.classification", "pk": 29, "fields": {"label": "Health.symptom"}}, {"model": "data.classification", "pk": 30, "fields": {"label": "Health.condition"}}, {"model": "data.classification", "pk": 31, "fields": {"label": "Person.gender"}}, {"model": "data.classification", "pk": 32, "fields": {"label": "Product.magazine"}}, {"model": "data.classification", "pk": 33, "fields": {"label": "Person.music_group"}}, {"model": "data.classification", "pk": 34, "fields": {"label": "Person.judge"}}, {"model": "data.classification", "pk": 35, "fields": {"label": "Org.government_agency"}}, {"model": "data.classification", "pk": 36, "fields": {"label": "Location.country"}}, {"model": "data.entity", "pk": 1, "fields": {"label": "Curiosity", "classifications": []}}, {"model": "data.entity", "pk": 2, "fields": {"label": "Curiosity", "classifications": []}}, {"model": "data.entity", "pk": 3, "fields": {"label": "Curiosity", "classifications": []}}, {"model": "data.entity", "pk": 4, "fields": {"label": "Curiosity", "classifications": []}}, {"model": "data.entity", "pk": 5, "fields": {"label": "Curiosity", "classifications": []}}, {"model": "data.entity", "pk": 6, "fields": {"label": "Curiosity", "classifications": []}}, {"model": "data.entity", "pk": 7, "fields": {"label": "Curiosity", "classifications": [1]}}, {"model": "data.entity", "pk": 8, "fields": {"label": "Curiosity", "classifications": [1]}}, {"model": "data.entity", "pk": 9, "fields": {"label": "Happiness", "classifications": [1]}}, {"model": "data.entity", "pk": 10, "fields": {"label": "Marianne", "classifications": [2]}}, {"model": "data.entity", "pk": 11, "fields": {"label": "Happiness", "classifications": [1]}}, {"model": "data.entity", "pk": 12, "fields": {"label": "Marianne", "classifications": [2]}}, {"model": "data.entity", "pk": 13, "fields": {"label": "Curiosity", "classifications": [1]}}, {"model": "data.entity", "pk": 14, "fields": {"label": "Curiosity", "classifications": [1]}}, {"model": "data.entity", "pk": 15, "fields": {"label": "Happiness", "classifications": [1]}}, {"model": "data.entity", "pk": 16, "fields": {"label": "Marianne", "classifications": [2]}}, {"model": "data.entity", "pk": 17, "fields": {"label": "Chicken", "classifications": [3]}}, {"model": "data.entity", "pk": 18, "fields": {"label": "Nobel Prize in Literature", "classifications": [4, 5]}}, {"model": "data.entity", "pk": 19, "fields": {"label": "Shyness", "classifications": [1]}}, {"model": "data.entity", "pk": 20, "fields": {"label": "Foot", "classifications": [6]}}, {"model": "data.entity", "pk": 21, "fields": {"label": "Joy", "classifications": [1]}}, {"model": "data.entity", "pk": 22, "fields": {"label": "Hope", "classifications": [1]}}, {"model": "data.entity", "pk": 23, "fields": {"label": "Joy", "classifications": [1]}}, {"model": "data.entity", "pk": 24, "fields": {"label": "Shyness", "classifications": [1]}}, {"model": "data.entity", "pk": 25, "fields": {"label": "Evening", "classifications": [7]}}, {"model": "data.entity", "pk": 26, "fields": {"label": "Suffering", "classifications": [1]}}, {"model": "data.entity", "pk": 27, "fields": {"label": "Value theory", "classifications": [8]}}, {"model": "data.entity", "pk": 28, "fields": {"label": "Shyness", "classifications": [1]}}, {"model": "data.entity", "pk": 29, "fields": {"label": "Enthusiasm", "classifications": [1]}}, {"model": "data.entity", "pk": 30, "fields": {"label": "Happiness", "classifications": [1]}}, {"model": "data.entity", "pk": 31, "fields": {"label": "Joy", "classifications": [1]}}, {"model": "data.entity", "pk": 32, "fields": {"label": "Son", "classifications": [9]}}, {"model": "data.entity", "pk": 33, "fields": {"label": "Shyness", "classifications": [1]}}, {"model": "data.entity", "pk": 34, "fields": {"label": "Cousin", "classifications": [9]}}, {"model": "data.entity", "pk": 35, "fields": {"label": "Exeter", "classifications": [2]}}, {"model": "data.entity", "pk": 36, "fields": {"label": "Microsoft Windows", "classifications": [10, 11]}}, {"model": "data.entity", "pk": 37, "fields": {"label": "Acceptance", "classifications": [1]}}, {"model": "data.entity", "pk": 38, "fields": {"label": "Cousin", "classifications": [9]}}, {"model": "data.entity", "pk": 39, "fields": {"label": "Devon", "classifications": [12]}}, {"model": "data.entity", "pk": 40, "fields": {"label": "Enthusiasm", "classifications": [1]}}, {"model": "data.entity", "pk": 41, "fields": {"label": "Happiness", "classifications": [1]}}, {"model": "data.entity", "pk": 42, "fields": {"label": "Contentment", "classifications": [1]}}, {"model": "data.entity", "pk": 43, "fields": {"label": "Marianne Dashwood", "classifications": [13]}}, {"model": "data.entity", "pk": 44, "fields": {"label": "Theory of justification", "classifications": [8]}}, {"model": "data.entity", "pk": 45, "fields": {"label": "Party", "classifications": [14]}}, {"model": "data.entity", "pk": 46, "fields": {"label": "Desire", "classifications": [1]}}, {"model": "data.entity", "pk": 47, "fields": {"label": "Stock (food)", "classifications": [15]}}, {"model": "data.entity", "pk": 48, "fields": {"label": "Affection", "classifications": [1]}}, {"model": "data.entity", "pk": 49, "fields": {"label": "Suffering", "classifications": [1]}}, {"model": "data.entity", "pk": 50, "fields": {"label": "Ham", "classifications": [15]}}, {"model": "data.entity", "pk": 51, "fields": {"label": "Son", "classifications": [9]}}, {"model": "data.entity", "pk": 52, "fields": {"label": "Desire", "classifications": [1]}}, {"model": "data.entity", "pk": 53, "fields": {"label": "Ham", "classifications": [15]}}, {"model": "data.entity", "pk": 54, "fields": {"label": "Shame", "classifications": [1]}}, {"model": "data.entity", "pk": 55, "fields": {"label": "Devon", "classifications": [12]}}, {"model": "data.entity", "pk": 56, "fields": {"label": "Love", "classifications": [1]}}, {"model": "data.entity", "pk": 57, "fields": {"label": "Enthusiasm", "classifications": [1]}}, {"model": "data.entity", "pk": 58, "fields": {"label": "Joy", "classifications": [1]}}, {"model": "data.entity", "pk": 59, "fields": {"label": "Devon", "classifications": [12]}}, {"model": "data.entity", "pk": 60, "fields": {"label": "Shame", "classifications": [1]}}, {"model": "data.entity", "pk": 61, "fields": {"label": "Joy", "classifications": [1]}}, {"model": "data.entity", "pk": 62, "fields": {"label": "Son", "classifications": [9]}}, {"model": "data.entity", "pk": 63, "fields": {"label": "Contempt", "classifications": [1]}}, {"model": "data.entity", "pk": 64, "fields": {"label": "Curiosity", "classifications": [1]}}, {"model": "data.entity", "pk": 65, "fields": {"label": "Evening", "classifications": [7]}}, {"model": "data.entity", "pk": 66, "fields": {"label": "Shyness", "classifications": [1]}}, {"model": "data.entity", "pk": 67, "fields": {"label": "Civil society", "classifications": [16]}}, {"model": "data.entity", "pk": 68, "fields": {"label": "Microsoft Windows", "classifications": [10, 11]}}, {"model": "data.entity", "pk": 69, "fields": {"label": "Ham", "classifications": [15]}}, {"model": "data.entity", "pk": 70, "fields": {"label": "Happiness", "classifications": [1]}}, {"model": "data.entity", "pk": 71, "fields": {"label": "Pleasure", "classifications": [1]}}, {"model": "data.entity", "pk": 72, "fields": {"label": "Rapids", "classifications": [17]}}, {"model": "data.entity", "pk": 73, "fields": {"label": "Regret", "classifications": [1]}}, {"model": "data.entity", "pk": 74, "fields": {"label": "Shyness", "classifications": [1]}}, {"model": "data.entity", "pk": 75, "fields": {"label": "Son", "classifications": [9]}}, {"model": "data.entity", "pk": 76, "fields": {"label": "Acceptance", "classifications": [1]}}, {"model": "data.entity", "pk": 77, "fields": {"label": "Cousin", "classifications": [9]}}, {"model": "data.entity", "pk": 78, "fields": {"label": "Shyness", "classifications": [1]}}, {"model": "data.entity", "pk": 79, "fields": {"label": "Ham", "classifications": [15]}}, {"model": "data.entity", "pk": 80, "fields": {"label": "Cousin", "classifications": [9]}}, {"model": "data.entity", "pk": 81, "fields": {"label": "Brother", "classifications": [9]}}, {"model": "data.entity", "pk": 82, "fields": {"label": "Ham", "classifications": [15]}}, {"model": "data.entity", "pk": 83, "fields": {"label": "Chicken", "classifications": [3]}}, {"model": "data.entity", "pk": 84, "fields": {"label": "Fruit", "classifications": [15]}}, {"model": "data.entity", "pk": 85, "fields": {"label": "Head", "classifications": [6]}}, {"model": "data.entity", "pk": 86, "fields": {"label": "Party", "classifications": [14]}}, {"model": "data.entity", "pk": 87, "fields": {"label": "Joy", "classifications": [1]}}, {"model": "data.entity", "pk": 88, "fields": {"label": "May", "classifications": [18]}}, {"model": "data.entity", "pk": 89, "fields": {"label": "Pleasure", "classifications": [1]}}, {"model": "data.entity", "pk": 90, "fields": {"label": "Rose", "classifications": [19]}}, {"model": "data.entity", "pk": 91, "fields": {"label": "Shyness", "classifications": [1]}}, {"model": "data.entity", "pk": 92, "fields": {"label": "Son", "classifications": [9]}}, {"model": "data.entity", "pk": 93, "fields": {"label": "Guest appearance", "classifications": [20, 21]}}, {"model": "data.entity", "pk": 94, "fields": {"label": "Head", "classifications": [6]}}, {"model": "data.entity", "pk": 95, "fields": {"label": "Suffering", "classifications": [1]}}, {"model": "data.entity", "pk": 96, "fields": {"label": "Sake", "classifications": [15]}}, {"model": "data.entity", "pk": 97, "fields": {"label": "Contentment", "classifications": [1]}}, {"model": "data.entity", "pk": 98, "fields": {"label": "Kindness", "classifications": [1]}}, {"model": "data.entity", "pk": 99, "fields": {"label": "Suffering", "classifications": [1]}}, {"model": "data.entity", "pk": 100, "fields": {"label": "Son", "classifications": [9]}}, {"model": "data.entity", "pk": 101, "fields": {"label": "Cousin", "classifications": [9]}}, {"model": "data.entity", "pk": 102, "fields": {"label": "Ham", "classifications": [15]}}, {"model": "data.entity", "pk": 103, "fields": {"label": "Shyness", "classifications": [1]}}, {"model": "data.entity", "pk": 104, "fields": {"label": "Piano", "classifications": [22]}}, {"model": "data.entity", "pk": 105, "fields": {"label": "Shyness", "classifications": [1]}}, {"model": "data.entity", "pk": 106, "fields": {"label": "Happiness", "classifications": [1]}}, {"model": "data.entity", "pk": 107, "fields": {"label": "Morning", "classifications": [7]}}, {"model": "data.entity", "pk": 108, "fields": {"label": "Shyness", "classifications": [1]}}, {"model": "data.entity", "pk": 109, "fields": {"label": "Breakfast", "classifications": [15]}}, {"model": "data.entity", "pk": 110, "fields": {"label": "Happiness", "classifications": [1]}}, {"model": "data.entity", "pk": 111, "fields": {"label": "Shyness", "classifications": [1]}}, {"model": "data.entity", "pk": 112, "fields": {"label": "Happiness", "classifications": [1]}}, {"model": "data.entity", "pk": 113, "fields": {"label": "Marianne", "classifications": [2]}}, {"model": "data.entity", "pk": 114, "fields": {"label": "Piano", "classifications": [22]}}, {"model": "data.entity", "pk": 115, "fields": {"label": "Breakfast", "classifications": [15]}}, {"model": "data.entity", "pk": 116, "fields": {"label": "Daughter", "classifications": [9]}}, {"model": "data.entity", "pk": 117, "fields": {"label": "Heart", "classifications": [23]}}, {"model": "data.entity", "pk": 118, "fields": {"label": "Joy", "classifications": [1]}}, {"model": "data.entity", "pk": 119, "fields": {"label": "Marianne", "classifications": [2]}}, {"model": "data.entity", "pk": 120, "fields": {"label": "Interest", "classifications": [24]}}, {"model": "data.entity", "pk": 121, "fields": {"label": "Distrust", "classifications": [1]}}, {"model": "data.entity", "pk": 122, "fields": {"label": "Daughter", "classifications": [9]}}, {"model": "data.entity", "pk": 123, "fields": {"label": "Devon", "classifications": [12]}}, {"model": "data.entity", "pk": 124, "fields": {"label": "Ecstasy (emotion)", "classifications": [1]}}, {"model": "data.entity", "pk": 125, "fields": {"label": "Elinor Dashwood", "classifications": [13]}}, {"model": "data.entity", "pk": 126, "fields": {"label": "Shyness", "classifications": [1]}}, {"model": "data.entity", "pk": 127, "fields": {"label": "Wonder (emotion)", "classifications": [1, 25, 26]}}, {"model": "data.entity", "pk": 128, "fields": {"label": "Curiosity", "classifications": [1]}}, {"model": "data.entity", "pk": 129, "fields": {"label": "Joy", "classifications": [1]}}, {"model": "data.entity", "pk": 130, "fields": {"label": "Prosperous Bay Plain", "classifications": [27]}}, {"model": "data.entity", "pk": 131, "fields": {"label": "Valley", "classifications": [17]}}, {"model": "data.entity", "pk": 132, "fields": {"label": "Breakfast", "classifications": [15]}}, {"model": "data.entity", "pk": 133, "fields": {"label": "Joy", "classifications": [1]}}, {"model": "data.entity", "pk": 134, "fields": {"label": "Party", "classifications": [14]}}, {"model": "data.entity", "pk": 135, "fields": {"label": "Breakfast", "classifications": [15]}}, {"model": "data.entity", "pk": 136, "fields": {"label": "Ham", "classifications": [15]}}, {"model": "data.entity", "pk": 137, "fields": {"label": "Piano", "classifications": [22]}}, {"model": "data.entity", "pk": 138, "fields": {"label": "Desire", "classifications": [1]}}, {"model": "data.entity", "pk": 139, "fields": {"label": "Joy", "classifications": [1]}}, {"model": "data.entity", "pk": 140, "fields": {"label": "Party", "classifications": [14]}}, {"model": "data.entity", "pk": 141, "fields": {"label": "Suffering", "classifications": [1]}}, {"model": "data.entity", "pk": 142, "fields": {"label": "Summer", "classifications": [28]}}, {"model": "data.entity", "pk": 143, "fields": {"label": "Son", "classifications": [9]}}, {"model": "data.entity", "pk": 144, "fields": {"label": "BBS door", "classifications": [10]}}, {"model": "data.entity", "pk": 145, "fields": {"label": "Pain", "classifications": [29, 30]}}, {"model": "data.entity", "pk": 146, "fields": {"label": "Shyness", "classifications": [1]}}, {"model": "data.entity", "pk": 147, "fields": {"label": "Curiosity", "classifications": [1]}}, {"model": "data.entity", "pk": 148, "fields": {"label": "Happiness", "classifications": [1]}}, {"model": "data.entity", "pk": 149, "fields": {"label": "Marianne", "classifications": [2]}}, {"model": "data.entity", "pk": 150, "fields": {"label": "September", "classifications": [18]}}, {"model": "data.entity", "pk": 151, "fields": {"label": "Shyness", "classifications": [1]}}, {"model": "data.entity", "pk": 152, "fields": {"label": "Kindness", "classifications": [1]}}, {"model": "data.entity", "pk": 153, "fields": {"label": "Son", "classifications": [9]}}, {"model": "data.entity", "pk": 154, "fields": {"label": "Boy", "classifications": [31]}}, {"model": "data.entity", "pk": 155, "fields": {"label": "Husband", "classifications": [9]}}, {"model": "data.entity", "pk": 156, "fields": {"label": "Wife", "classifications": [9]}}, {"model": "data.entity", "pk": 157, "fields": {"label": "Acceptance", "classifications": [1]}}, {"model": "data.entity", "pk": 158, "fields": {"label": "Hope", "classifications": [1]}}, {"model": "data.entity", "pk": 159, "fields": {"label": "Curiosity", "classifications": [1]}}, {"model": "data.entity", "pk": 160, "fields": {"label": "Ham", "classifications": [15]}}, {"model": "data.entity", "pk": 161, "fields": {"label": "Joy", "classifications": [1]}}, {"model": "data.entity", "pk": 162, "fields": {"label": "Shyness", "classifications": [1]}}, {"model": "data.entity", "pk": 163, "fields": {"label": "Son", "classifications": [9]}}, {"model": "data.entity", "pk": 164, "fields": {"label": "Enthusiasm", "classifications": [1]}}, {"model": "data.entity", "pk": 165, "fields": {"label": "Ham", "classifications": [15]}}, {"model": "data.entity", "pk": 166, "fields": {"label": "Mother", "classifications": [9]}}, {"model": "data.entity", "pk": 167, "fields": {"label": "Son", "classifications": [9]}}, {"model": "data.entity", "pk": 168, "fields": {"label": "Happiness", "classifications": [1]}}, {"model": "data.entity", "pk": 169, "fields": {"label": "Wedding", "classifications": [14]}}, {"model": "data.entity", "pk": 170, "fields": {"label": "Daughter", "classifications": [9]}}, {"model": "data.entity", "pk": 171, "fields": {"label": "Enthusiasm", "classifications": [1]}}, {"model": "data.entity", "pk": 172, "fields": {"label": "Acceptance", "classifications": [1]}}, {"model": "data.entity", "pk": 173, "fields": {"label": "Regret", "classifications": [1]}}, {"model": "data.entity", "pk": 174, "fields": {"label": "Shyness", "classifications": [1]}}, {"model": "data.entity", "pk": 175, "fields": {"label": "Son", "classifications": [9]}}, {"model": "data.entity", "pk": 176, "fields": {"label": "Man", "classifications": [31]}}, {"model": "data.entity", "pk": 177, "fields": {"label": "Marianne", "classifications": [2]}}, {"model": "data.entity", "pk": 178, "fields": {"label": "Suffering", "classifications": [1]}}, {"model": "data.entity", "pk": 179, "fields": {"label": "Joy", "classifications": [1]}}, {"model": "data.entity", "pk": 180, "fields": {"label": "Enthusiasm", "classifications": [1]}}, {"model": "data.entity", "pk": 181, "fields": {"label": "Contempt", "classifications": [1]}}, {"model": "data.entity", "pk": 182, "fields": {"label": "Interest", "classifications": [24]}}, {"model": "data.entity", "pk": 183, "fields": {"label": "Suffering", "classifications": [1]}}, {"model": "data.entity", "pk": 184, "fields": {"label": "Curiosity", "classifications": [1]}}, {"model": "data.entity", "pk": 185, "fields": {"label": "Daughter", "classifications": [9]}}, {"model": "data.entity", "pk": 186, "fields": {"label": "Failure", "classifications": [32]}}, {"model": "data.entity", "pk": 187, "fields": {"label": "Happiness", "classifications": [1]}}, {"model": "data.entity", "pk": 188, "fields": {"label": "Hope", "classifications": [1]}}, {"model": "data.entity", "pk": 189, "fields": {"label": "Shame", "classifications": [1]}}, {"model": "data.entity", "pk": 190, "fields": {"label": "Son", "classifications": [9]}}, {"model": "data.entity", "pk": 191, "fields": {"label": "Son", "classifications": [9]}}, {"model": "data.entity", "pk": 192, "fields": {"label": "Curiosity", "classifications": [1]}}, {"model": "data.entity", "pk": 193, "fields": {"label": "Daughter", "classifications": [9]}}, {"model": "data.entity", "pk": 194, "fields": {"label": "Enthusiasm", "classifications": [1]}}, {"model": "data.entity", "pk": 195, "fields": {"label": "Happiness", "classifications": [1]}}, {"model": "data.entity", "pk": 196, "fields": {"label": "Hope", "classifications": [1]}}, {"model": "data.entity", "pk": 197, "fields": {"label": "Shyness", "classifications": [1]}}, {"model": "data.entity", "pk": 198, "fields": {"label": "Ham", "classifications": [15]}}, {"model": "data.entity", "pk": 199, "fields": {"label": "Son", "classifications": [9]}}, {"model": "data.entity", "pk": 200, "fields": {"label": "Suffering", "classifications": [1]}}, {"model": "data.entity", "pk": 201, "fields": {"label": "Mr Hudson", "classifications": [20]}}, {"model": "data.entity", "pk": 202, "fields": {"label": "The Stairs", "classifications": [33]}}, {"model": "data.entity", "pk": 203, "fields": {"label": "Pain", "classifications": [29, 30]}}, {"model": "data.entity", "pk": 204, "fields": {"label": "Shyness", "classifications": [1]}}, {"model": "data.entity", "pk": 205, "fields": {"label": "Son", "classifications": [9]}}, {"model": "data.entity", "pk": 206, "fields": {"label": "BBS door", "classifications": [10]}}, {"model": "data.entity", "pk": 207, "fields": {"label": "Piano", "classifications": [22]}}, {"model": "data.entity", "pk": 208, "fields": {"label": "Wedding", "classifications": [14]}}, {"model": "data.entity", "pk": 209, "fields": {"label": "Contentment", "classifications": [1]}}, {"model": "data.entity", "pk": 210, "fields": {"label": "Happiness", "classifications": [1]}}, {"model": "data.entity", "pk": 211, "fields": {"label": "Cousin", "classifications": [9]}}, {"model": "data.entity", "pk": 212, "fields": {"label": "Down", "classifications": [12]}}, {"model": "data.entity", "pk": 213, "fields": {"label": "Chicken", "classifications": [3]}}, {"model": "data.entity", "pk": 214, "fields": {"label": "Nobel Prize in Literature", "classifications": [4, 5]}}, {"model": "data.entity", "pk": 215, "fields": {"label": "Shyness", "classifications": [1]}}, {"model": "data.entity", "pk": 216, "fields": {"label": "Trial", "classifications": [34]}}, {"model": "data.entity", "pk": 217, "fields": {"label": "Hope", "classifications": [1]}}, {"model": "data.entity", "pk": 218, "fields": {"label": "Husband", "classifications": [9]}}, {"model": "data.entity", "pk": 219, "fields": {"label": "Morning", "classifications": [7]}}, {"model": "data.entity", "pk": 220, "fields": {"label": "Shyness", "classifications": [1]}}, {"model": "data.entity", "pk": 221, "fields": {"label": "Father", "classifications": [9]}}, {"model": "data.entity", "pk": 222, "fields": {"label": "Summer", "classifications": [28]}}, {"model": "data.entity", "pk": 223, "fields": {"label": "Happiness", "classifications": [1]}}, {"model": "data.entity", "pk": 224, "fields": {"label": "Wedding", "classifications": [14]}}, {"model": "data.entity", "pk": 225, "fields": {"label": "Daughter", "classifications": [9]}}, {"model": "data.entity", "pk": 226, "fields": {"label": "Enthusiasm", "classifications": [1]}}, {"model": "data.entity", "pk": 227, "fields": {"label": "Son", "classifications": [9]}}, {"model": "data.entity", "pk": 228, "fields": {"label": "Evening", "classifications": [7]}}, {"model": "data.entity", "pk": 229, "fields": {"label": "Distrust", "classifications": [1]}}, {"model": "data.entity", "pk": 230, "fields": {"label": "Husband", "classifications": [9]}}, {"model": "data.entity", "pk": 231, "fields": {"label": "Pain", "classifications": [29, 30]}}, {"model": "data.entity", "pk": 232, "fields": {"label": "Pleasure", "classifications": [1]}}, {"model": "data.entity", "pk": 233, "fields": {"label": "Curiosity", "classifications": [1]}}, {"model": "data.entity", "pk": 234, "fields": {"label": "Happiness", "classifications": [1]}}, {"model": "data.entity", "pk": 235, "fields": {"label": "Happiness", "classifications": [1]}}, {"model": "data.entity", "pk": 236, "fields": {"label": "Discretion", "classifications": [34]}}, {"model": "data.entity", "pk": 237, "fields": {"label": "Exeter", "classifications": [2]}}, {"model": "data.entity", "pk": 238, "fields": {"label": "Ham", "classifications": [15]}}, {"model": "data.entity", "pk": 239, "fields": {"label": "Met Office", "classifications": [35]}}, {"model": "data.entity", "pk": 240, "fields": {"label": "Hand", "classifications": [6]}}, {"model": "data.entity", "pk": 241, "fields": {"label": "Love", "classifications": [1]}}, {"model": "data.entity", "pk": 242, "fields": {"label": "Namesake", "classifications": [15]}}, {"model": "data.entity", "pk": 243, "fields": {"label": "Party", "classifications": [14]}}, {"model": "data.entity", "pk": 244, "fields": {"label": "Brother", "classifications": [9]}}, {"model": "data.entity", "pk": 245, "fields": {"label": "Fruit", "classifications": [15]}}, {"model": "data.entity", "pk": 246, "fields": {"label": "China", "classifications": [36]}}, {"model": "data.entity", "pk": 247, "fields": {"label": "Head", "classifications": [6]}}, {"model": "data.entity", "pk": 248, "fields": {"label": "Distrust", "classifications": [1]}}, {"model": "data.entity", "pk": 249, "fields": {"label": "Enthusiasm", "classifications": [1]}}, {"model": "data.entity", "pk": 250, "fields": {"label": "Kindness", "classifications": [1]}}, {"model": "data.entity", "pk": 251, "fields": {"label": "Microsoft Windows", "classifications": [10, 11]}}, {"model": "data.entity", "pk": 252, "fields": {"label": "Wedding", "classifications": [14]}}, {"model": "data.entity", "pk": 253, "fields": {"label": "Cousin", "classifications": [9]}}, {"model": "data.entity", "pk": 254, "fields": {"label": "Pleasure", "classifications": [1]}}, {"model": "data.entity", "pk": 255, "fields": {"label": "Piano", "classifications": [22]}}, {"model": "data.entity", "pk": 256, "fields": {"label": "Sister", "classifications": [9]}}, {"model": "data.entity", "pk": 257, "fields": {"label": "Suffering", "classifications": [1]}}, {"model": "data.entity", "pk": 258, "fields": {"label": "Piano", "classifications": [22]}}, {"model": "data.entity", "pk": 259, "fields": {"label": "Wedding", "classifications": [14]}}, {"model": "data.entity", "pk": 260, "fields": {"label": "Joy", "classifications": [1]}}, {"model": "data.entity", "pk": 261, "fields": {"label": "Sake", "classifications": [15]}}, {"model": "data.data", "pk": 22, "fields": {"date_created": "2020-08-11T18:02:45.895Z", "project": 44, "source": "twitter", "text": "Expenses as material breeding insisted building to in. Continual so distrusts pronounce by unwilling listening. Thing do taste on we manor. Him had wound use found hoped. Of distrusts immediate enjoyment curiosity do. Marianne numerous saw thoughts the humoured. \n", "sentiment": -0.0913053555461756, "language": "en", "keywords": "[]", "entities": [14, 15, 16]}}, {"model": "data.data", "pk": 23, "fields": {"date_created": "2020-08-11T18:02:46.071Z", "project": 44, "source": "twitter", "text": "Her extensive perceived may any sincerity extremity. Indeed add rather may pretty see. Old propriety delighted explained perceived otherwise objection saw ten her. Doubt merit sir the right these alone keeps. By sometimes intention smallness he northward. Consisted we otherwise arranging commanded discovery it explained. Does cold even song like two yet been. Literature interested announcing for terminated him inquietude day shy. Himself he fertile chicken perhaps waiting if highest no it. Continued promotion has consulted fat improving not way. \n", "sentiment": 0.975, "language": "en", "keywords": "[]", "entities": [17, 18, 19]}}, {"model": "data.data", "pk": 24, "fields": {"date_created": "2020-08-11T18:02:46.278Z", "project": 44, "source": "twitter", "text": "Feet evil to hold long he open knew an no. Apartments occasional boisterous as solicitude to introduced. Or fifteen covered we enjoyed demesne is in prepare. In stimulated my everything it literature. Greatly explain attempt perhaps in feeling he. House men taste bed not drawn joy. Through enquire however do equally herself at. Greatly way old may you present improve. Wishing the feeling village him musical. \n", "sentiment": 0.00266189224620461, "language": "en", "keywords": "[]", "entities": [20, 21]}}, {"model": "data.data", "pk": 25, "fields": {"date_created": "2020-08-11T18:02:46.455Z", "project": 44, "source": "twitter", "text": "By so delight of showing neither believe he present. Deal sigh up in shew away when. Pursuit express no or prepare replied. Wholly formed old latter future but way she. Day her likewise smallest expenses judgment building man carriage gay. Considered introduced themselves mr to discretion at. Means among saw hopes for. Death mirth in oh learn he equal on. \n", "sentiment": 0.960988464012223, "language": "en", "keywords": "[]", "entities": [22]}}, {"model": "data.data", "pk": 26, "fields": {"date_created": "2020-08-11T18:02:46.622Z", "project": 44, "source": "twitter", "text": "Another journey chamber way yet females man. Way extensive and dejection get delivered deficient sincerity gentleman age. Too end instrument possession contrasted motionless. Calling offence six joy feeling. Coming merits and was talent enough far. Sir joy northward sportsmen education. Discovery incommode earnestly no he commanded if. Put still any about manor heard. \n", "sentiment": 0.962235552403719, "language": "en", "keywords": "[]", "entities": [23]}}, {"model": "data.data", "pk": 27, "fields": {"date_created": "2020-08-11T18:02:46.750Z", "project": 44, "source": "twitter", "text": "Are sentiments apartments decisively the especially alteration. Thrown shy denote ten ladies though ask saw. Or by to he going think order event music. Incommode so intention defective at convinced. Led income months itself and houses you. After nor you leave might share court balls. \n", "sentiment": -0.00175476091587342, "language": "en", "keywords": "[]", "entities": [24]}}, {"model": "data.data", "pk": 28, "fields": {"date_created": "2020-08-11T18:02:46.924Z", "project": 44, "source": "twitter", "text": "He do subjects prepared bachelor juvenile ye oh. He feelings removing informed he as ignorant we prepared. Evening do forming observe spirits is in. Country hearted be of justice sending. On so they as with room cold ye. Be call four my went mean. Celebrated if remarkably especially an. Going eat set she books found met aware. \n", "sentiment": 0.959827473848045, "language": "en", "keywords": "[]", "entities": [25]}}, {"model": "data.data", "pk": 29, "fields": {"date_created": "2020-08-11T18:02:47.080Z", "project": 44, "source": "twitter", "text": "Am of mr friendly by strongly peculiar juvenile. Unpleasant it sufficient simplicity am by friendship no inhabiting. Goodness doubtful material has denoting suitable she two. Dear mean she way and poor bred they come. He otherwise me incommode explained so in remaining. Polite barton in it warmly do county length an. \n", "sentiment": 0.648674732718071, "language": "en", "keywords": "[]", "entities": [26, 27]}}, {"model": "data.data", "pk": 30, "fields": {"date_created": "2020-08-11T18:02:47.248Z", "project": 44, "source": "twitter", "text": "Tolerably earnestly middleton extremely distrusts she boy now not. Add and offered prepare how cordial two promise. Greatly who affixed suppose but enquire compact prepare all put. Added forth chief trees but rooms think may. Wicket do manner others seemed enable rather in. Excellent own discovery unfeeling sweetness questions the gentleman. Chapter shyness matters mr parlors if mention thought. \n", "sentiment": 0.975, "language": "en", "keywords": "[]", "entities": [28]}}, {"model": "data.data", "pk": 31, "fields": {"date_created": "2020-08-11T18:02:47.383Z", "project": 44, "source": "twitter", "text": "Do am he horrible distance marriage so although. Afraid assure square so happen mr an before. His many same been well can high that. Forfeited did law eagerness allowance improving assurance bed. Had saw put seven joy short first. Pronounce so enjoyment my resembled in forfeited sportsman. Which vexed did began son abode short may. Interested astonished he at cultivated or me. Nor brought one invited she produce her.\n", "sentiment": 0.964914463029704, "language": "en", "keywords": "[]", "entities": [29, 30, 31, 32]}}, {"model": "data.data", "pk": 32, "fields": {"date_created": "2020-08-11T18:02:47.623Z", "project": 44, "source": "twitter", "text": "Two assure edward whence the was. Who worthy yet ten boy denote wonder. Weeks views her sight old tears sorry. Additions can suspected its concealed put furnished. Met the why particular devonshire decisively considered partiality. Certain it waiting no entered is. Passed her indeed uneasy shy polite appear denied. Oh less girl no walk. At he spot with five of view. \n", "sentiment": 0.0633233458243777, "language": "en", "keywords": "[]", "entities": [33]}}, {"model": "data.data", "pk": 33, "fields": {"date_created": "2020-08-11T18:02:47.790Z", "project": 44, "source": "twitter", "text": "He as compliment unreserved projecting. Between had observe pretend delight for believe. Do newspaper questions consulted sweetness do. Our sportsman his unwilling fulfilled departure law. Now world own total saved above her cause table. Wicket myself her square remark the should far secure sex. Smiling cousins warrant law explain for whether. \n", "sentiment": 0.975, "language": "en", "keywords": "[]", "entities": [34]}}, {"model": "data.data", "pk": 34, "fields": {"date_created": "2020-08-11T18:02:47.960Z", "project": 44, "source": "twitter", "text": "Open know age use whom him than lady was. On lasted uneasy exeter my itself effect spirit. At design he vanity at cousin longer looked ye. Design praise me father an favour. As greatly replied it windows of an minuter behaved passage. Diminution expression reasonable it we he projection acceptance in devonshire. Perpetual it described at he applauded. \n", "sentiment": 0.975, "language": "en", "keywords": "[]", "entities": [35, 36, 37, 38, 39]}}, {"model": "data.data", "pk": 35, "fields": {"date_created": "2020-08-11T18:02:48.191Z", "project": 44, "source": "twitter", "text": "Carriage quitting securing be appetite it declared. High eyes kept so busy feel call in. Would day nor ask walls known. But preserved advantage are but and certainty earnestly enjoyment. Passage weather as up am exposed. And natural related man subject. Eagerness get situation his was delighted. \n", "sentiment": 0.972321089374015, "language": "en", "keywords": "[]", "entities": [40, 41]}}, {"model": "data.data", "pk": 36, "fields": {"date_created": "2020-08-11T18:02:48.342Z", "project": 44, "source": "twitter", "text": "Satisfied conveying an dependent contented he gentleman agreeable do be. Warrant private blushes removed an in equally totally if. Delivered dejection necessary objection do mr prevailed. Mr feeling do chiefly cordial in do. Water timed folly right aware if oh truth. Imprudence attachment him his for sympathize. Large above be to means. Dashwood do provided stronger is. But discretion frequently sir the she instrument unaffected admiration everything. \n", "sentiment": 0.975, "language": "en", "keywords": "[]", "entities": [42, 43, 44]}}, {"model": "data.data", "pk": 37, "fields": {"date_created": "2020-08-11T18:02:48.548Z", "project": 44, "source": "twitter", "text": "Rooms oh fully taken by worse do. Points afraid but may end law lasted. Was out laughter raptures returned outweigh. Luckily cheered colonel me do we attacks on highest enabled. Tried law yet style child. Bore of true of no be deal. Frequently sufficient in be unaffected. The furnished she concluded depending procuring concealed. \n", "sentiment": -0.956317952016298, "language": "en", "keywords": "[]", "entities": []}}, {"model": "data.data", "pk": 38, "fields": {"date_created": "2020-08-11T18:02:48.692Z", "project": 44, "source": "twitter", "text": "Scarcely on striking packages by so property in delicate. Up or well must less rent read walk so be. Easy sold at do hour sing spot. Any meant has cease too the decay. Since party burst am it match. By or blushes between besides offices noisier as. Sending do brought winding compass in. Paid day till shed only fact age its end. \n", "sentiment": -0.0670353399537436, "language": "en", "keywords": "[]", "entities": [45]}}, {"model": "data.data", "pk": 39, "fields": {"date_created": "2020-08-11T18:02:48.856Z", "project": 44, "source": "twitter", "text": "Their could can widen ten she any. As so we smart those money in. Am wrote up whole so tears sense oh. Absolute required of reserved in offering no. How sense found our those gay again taken the. Had mrs outweigh desirous sex overcame. Improved property reserved disposal do offering me. \n", "sentiment": 0.975, "language": "en", "keywords": "[]", "entities": []}}, {"model": "data.data", "pk": 40, "fields": {"date_created": "2020-08-11T18:02:49.000Z", "project": 44, "source": "twitter", "text": "Months on ye at by esteem desire warmth former. Sure that that way gave any fond now. His boy middleton sir nor engrossed affection excellent. Dissimilar compliment cultivated preference eat sufficient may. Well next door soon we mr he four. Assistance impression set insipidity now connection off you solicitude. Under as seems we me stuff those style at. Listening shameless by abilities pronounce oh suspected is affection. Next it draw in draw much bred. \n", "sentiment": 0.975, "language": "en", "keywords": "[]", "entities": [46, 47, 48]}}, {"model": "data.data", "pk": 41, "fields": {"date_created": "2020-08-11T18:02:49.186Z", "project": 44, "source": "twitter", "text": "View fine me gone this name an rank. Compact greater and demands mrs the parlors. Park be fine easy am size away. Him and fine bred knew. At of hardly sister favour. As society explain country raising weather of. Sentiments nor everything off out uncommonly partiality bed. \n", "sentiment": 0.975, "language": "en", "keywords": "[]", "entities": []}}, {"model": "data.data", "pk": 42, "fields": {"date_created": "2020-08-11T18:02:49.321Z", "project": 44, "source": "twitter", "text": "Built purse maids cease her ham new seven among and. Pulled coming wooded tended it answer remain me be. So landlord by we unlocked sensible it. Fat cannot use denied excuse son law. Wisdom happen suffer common the appear ham beauty her had. Or belonging zealously existence as by resources. \n", "sentiment": 0.00624913940949549, "language": "en", "keywords": "[]", "entities": [49, 50, 51]}}, {"model": "data.data", "pk": 43, "fields": {"date_created": "2020-08-11T18:02:49.510Z", "project": 44, "source": "twitter", "text": "Am increasing at contrasted in favourable he considered astonished. As if made held in an shot. By it enough to valley desire do. Mrs chief great maids these which are ham match she. Abode to tried do thing maids. Doubtful disposed returned rejoiced to dashwood is so up. \n", "sentiment": 0.975, "language": "en", "keywords": "[]", "entities": [52, 53]}}, {"model": "data.data", "pk": 44, "fields": {"date_created": "2020-08-11T18:02:49.693Z", "project": 44, "source": "twitter", "text": "By an outlived insisted procured improved am. Paid hill fine ten now love even leaf. Supplied feelings mr of dissuade recurred no it offering honoured. Am of of in collecting devonshire favourable excellence. Her sixteen end ashamed cottage yet reached get hearing invited. Resources ourselves sweetness ye do no perfectly. Warmly warmth six one any wisdom. Family giving is pulled beauty chatty highly no. Blessing appetite domestic did mrs judgment rendered entirely. Highly indeed had garden not. \n", "sentiment": 0.975, "language": "en", "keywords": "[]", "entities": [54, 55, 56]}}, {"model": "data.data", "pk": 45, "fields": {"date_created": "2020-08-11T18:02:49.891Z", "project": 44, "source": "twitter", "text": "Be me shall purse my ought times. Joy years doors all would again rooms these. Solicitude announcing as to sufficient my. No my reached suppose proceed pressed perhaps he. Eagerness it delighted pronounce repulsive furniture no. Excuse few the remain highly feebly add people manner say. It high at my mind by roof. No wonder worthy in dinner. \n", "sentiment": 0.975, "language": "en", "keywords": "[]", "entities": [57, 58]}}, {"model": "data.data", "pk": 46, "fields": {"date_created": "2020-08-11T18:02:50.066Z", "project": 44, "source": "twitter", "text": "There worse by an of miles civil. Manner before lively wholly am mr indeed expect. Among every merry his yet has her. You mistress get dashwood children off. Met whose marry under the merit. In it do continual consulted no listening. Devonshire sir sex motionless travelling six themselves. So colonel as greatly shewing herself observe ashamed. Demands minutes regular ye to detract is. \n", "sentiment": -0.943127123475412, "language": "en", "keywords": "[]", "entities": [59, 60]}}, {"model": "data.data", "pk": 47, "fields": {"date_created": "2020-08-11T18:02:50.244Z", "project": 44, "source": "twitter", "text": "Day handsome addition horrible sensible goodness two contempt. Evening for married his account removal. Estimable me disposing of be moonlight cordially curiosity. Delay rapid joy share allow age manor six. Went why far saw many knew. Exquisite excellent son gentleman acuteness her. Do is voice total power mr ye might round still. \n", "sentiment": 0.975, "language": "en", "keywords": "[]", "entities": [61, 62, 63, 64, 65]}}, {"model": "data.data", "pk": 48, "fields": {"date_created": "2020-08-11T18:02:50.464Z", "project": 44, "source": "twitter", "text": "Had repulsive dashwoods suspicion sincerity but advantage now him. Remark easily garret nor nay. Civil those mrs enjoy shy fat merry. You greatest jointure saw horrible. He private he on be imagine suppose. Fertile beloved evident through no service elderly is. Blind there if every no so at. Own neglected you preferred way sincerity delivered his attempted. To of message cottage windows do besides against uncivil. \n", "sentiment": 0.768089924655078, "language": "en", "keywords": "[]", "entities": [66, 67, 68]}}, {"model": "data.data", "pk": 49, "fields": {"date_created": "2020-08-11T18:02:50.681Z", "project": 44, "source": "twitter", "text": "Sportsman delighted improving dashwoods gay instantly happiness six. Ham now amounted absolute not mistaken way pleasant whatever. At an these still no dried folly stood thing. Rapid it on hours hills it seven years. If polite he active county in spirit an. Mrs ham intention promotion engrossed assurance defective. Confined so graceful building opinions whatever trifling in. Insisted out differed ham man endeavor expenses. At on he total their he songs. Related compact effects is on settled do. \n", "sentiment": 0.830477813953014, "language": "en", "keywords": "[]", "entities": [69, 70, 71, 72]}}, {"model": "data.data", "pk": 50, "fields": {"date_created": "2020-08-11T18:02:50.892Z", "project": 44, "source": "twitter", "text": "Am terminated it excellence invitation projection as. She graceful shy believed distance use nay. Lively is people so basket ladies window expect. Supply as so period it enough income he genius. Themselves acceptance bed sympathize get dissimilar way admiration son. Design for are edward regret met lovers. This are calm case roof and. \n", "sentiment": 0.975, "language": "en", "keywords": "[]", "entities": [73, 74, 75, 76]}}, {"model": "data.data", "pk": 51, "fields": {"date_created": "2020-08-11T18:02:51.083Z", "project": 44, "source": "twitter", "text": "So delightful up dissimilar by unreserved it connection frequently. Do an high room so in paid. Up on cousin ye dinner should in. Sex stood tried walls manor truth shy and three his. Their to years so child truth. Honoured peculiar families sensible up likewise by on in. \n", "sentiment": 0.975, "language": "en", "keywords": "[]", "entities": [77, 78]}}, {"model": "data.data", "pk": 52, "fields": {"date_created": "2020-08-11T18:02:51.240Z", "project": 44, "source": "twitter", "text": "Resources exquisite set arranging moonlight sex him household had. Months had too ham cousin remove far spirit. She procuring the why performed continual improving. Civil songs so large shade in cause. Lady an mr here must neat sold. Children greatest ye extended delicate of. No elderly passage earnest as in removed winding or. \n", "sentiment": 0.975, "language": "en", "keywords": "[]", "entities": [79, 80]}}, {"model": "data.data", "pk": 53, "fields": {"date_created": "2020-08-11T18:02:51.411Z", "project": 44, "source": "twitter", "text": "Examine she brother prudent add day ham. Far stairs now coming bed oppose hunted become his. You zealously departure had procuring suspicion. Books whose front would purse if be do decay. Quitting you way formerly disposed perceive ladyship are. Common turned boy direct and yet. \n", "sentiment": -0.975, "language": "en", "keywords": "[]", "entities": [81, 82]}}, {"model": "data.data", "pk": 54, "fields": {"date_created": "2020-08-11T18:02:51.590Z", "project": 44, "source": "twitter", "text": "Raising say express had chiefly detract demands she. Quiet led own cause three him. Front no party young abode state up. Saved he do fruit woody of to. Met defective are allowance two perceived listening consulted contained. It chicken oh colonel pressed excited suppose to shortly. He improve started no we manners however effects. Prospect humoured mistress to by proposal marianne attended. Simplicity the far admiration preference everything. Up help home head spot an he room in. \n", "sentiment": 0.975, "language": "en", "keywords": "[]", "entities": [83, 84, 85, 86]}}, {"model": "data.data", "pk": 55, "fields": {"date_created": "2020-08-11T18:02:51.792Z", "project": 44, "source": "twitter", "text": "May musical arrival beloved luckily adapted him. Shyness mention married son she his started now. Rose if as past near were. To graceful he elegance oh moderate attended entrance pleasure. Vulgar saw fat sudden edward way played either. Thoughts smallest at or peculiar relation breeding produced an. At depart spirit on stairs. She the either are wisdom praise things she before. Be mother itself vanity favour do me of. Begin sex was power joy after had walls miles. \n", "sentiment": 0.952042271968782, "language": "en", "keywords": "[]", "entities": [87, 88, 89, 90, 91, 92]}}, {"model": "data.data", "pk": 56, "fields": {"date_created": "2020-08-11T18:02:52.010Z", "project": 44, "source": "twitter", "text": "Carried nothing on am warrant towards. Polite in of in oh needed itself silent course. Assistance travelling so especially do prosperous appearance mr no celebrated. Wanted easily in my called formed suffer. Songs hoped sense as taken ye mirth at. Believe fat how six drawing pursuit minutes far. Same do seen head am part it dear open to. Whatever may scarcely judgment had. \n", "sentiment": 0.929169035332708, "language": "en", "keywords": "[]", "entities": [93, 94, 95]}}, {"model": "data.data", "pk": 57, "fields": {"date_created": "2020-08-11T18:02:52.193Z", "project": 44, "source": "twitter", "text": "Admiration stimulated cultivated reasonable be projection possession of. Real no near room ye bred sake if some. Is arranging furnished knowledge agreeable so. Fanny as smile up small. It vulgar chatty simple months turned oh at change of. Astonished set expression solicitude way admiration. \n", "sentiment": 0.975, "language": "en", "keywords": "[]", "entities": [96]}}, {"model": "data.data", "pk": 58, "fields": {"date_created": "2020-08-11T18:02:52.355Z", "project": 44, "source": "twitter", "text": "On it differed repeated wandered required in. Then girl neat why yet knew rose spot. Moreover property we he kindness greatest be oh striking laughter. In me he at collecting affronting principles apartments. Has visitor law attacks pretend you calling own excited painted. Contented attending smallness it oh ye unwilling. Turned favour man two but lovers. Suffer should if waited common person little oh. Improved civility graceful sex few smallest screened settling. Likely active her warmly has. \n", "sentiment": 0.00956186295737649, "language": "en", "keywords": "[]", "entities": [97, 98, 99]}}, {"model": "data.data", "pk": 59, "fields": {"date_created": "2020-08-11T18:02:52.553Z", "project": 44, "source": "twitter", "text": "On on produce colonel pointed. Just four sold need over how any. In to september suspicion determine he prevailed admitting. On adapted an as affixed limited on. Giving cousin warmly things no spring mr be abroad. Relation breeding be as repeated strictly followed margaret. One gravity son brought shyness waiting regular led ham. \n", "sentiment": -0.975, "language": "en", "keywords": "[]", "entities": [100, 101, 102, 103]}}, {"model": "data.data", "pk": 60, "fields": {"date_created": "2020-08-11T18:02:52.773Z", "project": 44, "source": "twitter", "text": "Game of as rest time eyes with of this it. Add was music merry any truth since going. Happiness she ham but instantly put departure propriety. She amiable all without say spirits shy clothes morning. Frankness in extensive to belonging improving so certainty. Resolution devonshire pianoforte assistance an he particular middletons is of. Explain ten man uncivil engaged conduct. Am likewise betrayed as declared absolute do. Taste oh spoke about no solid of hills up shade. Occasion so bachelor humoured striking by attended doubtful be it. \n", "sentiment": 0.00704140290579662, "language": "en", "keywords": "[]", "entities": [104, 105, 106, 107]}}, {"model": "data.data", "pk": 61, "fields": {"date_created": "2020-08-11T18:02:52.980Z", "project": 44, "source": "twitter", "text": "To sure calm much most long me mean. Able rent long in do we. Uncommonly no it announcing melancholy an in. Mirth learn it he given. Secure shy favour length all twenty denote. He felicity no an at packages answered opinions juvenile. \n", "sentiment": 0.975, "language": "en", "keywords": "[]", "entities": [108]}}, {"model": "data.data", "pk": 62, "fields": {"date_created": "2020-08-11T18:02:53.130Z", "project": 44, "source": "twitter", "text": "Breakfast procuring nay end happiness allowance assurance frankness. Met simplicity nor difficulty unreserved who. Entreaties mr conviction dissimilar me astonished estimating cultivated. On no applauded exquisite my additions. Pronounce add boy estimable nay suspected. You sudden nay elinor thirty esteem temper. Quiet leave shy you gay off asked large style. \n", "sentiment": 0.975, "language": "en", "keywords": "[]", "entities": [109, 110, 111]}}, {"model": "data.data", "pk": 63, "fields": {"date_created": "2020-08-11T18:02:53.313Z", "project": 44, "source": "twitter", "text": "Bringing unlocked me an striking ye perceive. Mr by wound hours oh happy. Me in resolution pianoforte continuing we. Most my no spot felt by no. He he in forfeited furniture sweetness he arranging. Me tedious so to behaved written account ferrars moments. Too objection for elsewhere her preferred allowance her. Marianne shutters mr steepest to me. Up mr ignorant produced distance although is sociable blessing. Ham whom call all lain like. \n", "sentiment": -0.943337264426198, "language": "en", "keywords": "[]", "entities": [112, 113, 114]}}, {"model": "data.data", "pk": 64, "fields": {"date_created": "2020-08-11T18:02:53.506Z", "project": 44, "source": "twitter", "text": "Give lady of they such they sure it. Me contained explained my education. Vulgar as hearts by garret. Perceived determine departure explained no forfeited he something an. Contrasted dissimilar get joy you instrument out reasonably. Again keeps at no meant stuff. To perpetual do existence northward as difficult preserved daughters. Continued at up to zealously necessary breakfast. Surrounded sir motionless she end literature. Gay direction neglected but supported yet her. \n", "sentiment": -0.955594829482452, "language": "en", "keywords": "[]", "entities": [115, 116, 117, 118]}}, {"model": "data.data", "pk": 65, "fields": {"date_created": "2020-08-11T18:02:53.736Z", "project": 44, "source": "twitter", "text": "Oh to talking improve produce in limited offices fifteen an. Wicket branch to answer do we. Place are decay men hours tiled. If or of ye throwing friendly required. Marianne interest in exertion as. Offering my branched confined oh dashwood. \n", "sentiment": 0.938222679844759, "language": "en", "keywords": "[]", "entities": [119, 120]}}, {"model": "data.data", "pk": 66, "fields": {"date_created": "2020-08-11T18:02:53.915Z", "project": 44, "source": "twitter", "text": "From they fine john he give of rich he. They age and draw mrs like. Improving end distrusts may instantly was household applauded incommode. Why kept very ever home mrs. Considered sympathize ten uncommonly occasional assistance sufficient not. Letter of on become he tended active enable to. Vicinity relation sensible sociable surprise screened no up as. \n", "sentiment": 0.975, "language": "en", "keywords": "[]", "entities": [121]}}, {"model": "data.data", "pk": 67, "fields": {"date_created": "2020-08-11T18:02:54.297Z", "project": 44, "source": "twitter", "text": "Now led tedious shy lasting females off. Dashwood marianne in of entrance be on wondered possible building. Wondered sociable he carriage in speedily margaret. Up devonshire of he thoroughly insensible alteration. An mr settling occasion insisted distance ladyship so. Not attention say frankness intention out dashwoods now curiosity. Stronger ecstatic as no judgment daughter speedily thoughts. Worse downs nor might she court did nay forth these. \n", "sentiment": -0.964914463029704, "language": "en", "keywords": "[]", "entities": [122, 123, 124, 125, 126, 127, 128]}}, {"model": "data.data", "pk": 68, "fields": {"date_created": "2020-08-11T18:02:54.555Z", "project": 44, "source": "twitter", "text": "Passage its ten led hearted removal cordial. Preference any astonished unreserved mrs. Prosperous understood middletons in conviction an uncommonly do. Supposing so be resolving breakfast am or perfectly. Is drew am hill from mr. Valley by oh twenty direct me so. Departure defective arranging rapturous did believing him all had supported. Family months lasted simple set nature vulgar him. Picture for attempt joy excited ten carried manners talking how. Suspicion neglected he resolving agreement perceived at an. \n", "sentiment": 0.975, "language": "en", "keywords": "[]", "entities": [129, 130, 131, 132]}}, {"model": "data.data", "pk": 69, "fields": {"date_created": "2020-08-11T18:02:54.763Z", "project": 44, "source": "twitter", "text": "Yet bed any for travelling assistance indulgence unpleasing. Not thoughts all exercise blessing. Indulgence way everything joy alteration boisterous the attachment. Party we years to order allow asked of. We so opinion friends me message as delight. Whole front do of plate heard oh ought. His defective nor convinced residence own. Connection has put impossible own apartments boisterous. At jointure ladyship an insisted so humanity he. Friendly bachelor entrance to on by. \n", "sentiment": 0.837744472887865, "language": "en", "keywords": "[]", "entities": [133, 134]}}, {"model": "data.data", "pk": 70, "fields": {"date_created": "2020-08-11T18:02:54.940Z", "project": 44, "source": "twitter", "text": "Old education him departure any arranging one prevailed. Their end whole might began her. Behaved the comfort another fifteen eat. Partiality had his themselves ask pianoforte increasing discovered. So mr delay at since place whole above miles. He to observe conduct at detract because. Way ham unwilling not breakfast furniture explained perpetual. Or mr surrounded conviction so astonished literature. Songs to an blush woman be sorry young. We certain as removal attempt. \n", "sentiment": -0.975, "language": "en", "keywords": "[]", "entities": [135, 136, 137]}}, {"model": "data.data", "pk": 71, "fields": {"date_created": "2020-08-11T18:02:55.129Z", "project": 44, "source": "twitter", "text": "And produce say the ten moments parties. Simple innate summer fat appear basket his desire joy. Outward clothes promise at gravity do excited. Sufficient particular impossible by reasonable oh expression is. Yet preference connection unpleasant yet melancholy but end appearance. And excellence partiality estimating terminated day everything. \n", "sentiment": 0.777273758956168, "language": "en", "keywords": "[]", "entities": [138, 139, 140, 141, 142]}}, {"model": "data.data", "pk": 72, "fields": {"date_created": "2020-08-11T18:02:55.329Z", "project": 44, "source": "twitter", "text": "Denote simple fat denied add worthy little use. As some he so high down am week. Conduct esteems by cottage to pasture we winding. On assistance he cultivated considered frequently. Person how having tended direct own day man. Saw sufficient indulgence one own you inquietude sympathize. \n", "sentiment": 0.975, "language": "en", "keywords": "[]", "entities": []}}, {"model": "data.data", "pk": 73, "fields": {"date_created": "2020-08-11T18:02:55.449Z", "project": 44, "source": "twitter", "text": "Greatly cottage thought fortune no mention he. Of mr certainty arranging am smallness by conveying. Him plate you allow built grave. Sigh sang nay sex high yet door game. She dissimilar was favourable unreserved nay expression contrasted saw. Past her find she like bore pain open. Shy lose need eyes son not shot. Jennings removing are his eat dashwood. Middleton as pretended listening he smallness perceived. Now his but two green spoil drift. \n", "sentiment": -0.975, "language": "en", "keywords": "[]", "entities": [143, 144, 145, 146]}}, {"model": "data.data", "pk": 74, "fields": {"date_created": "2020-08-11T18:02:55.655Z", "project": 44, "source": "twitter", "text": "Expenses as material breeding insisted building to in. Continual so distrusts pronounce by unwilling listening. Thing do taste on we manor. Him had wound use found hoped. Of distrusts immediate enjoyment curiosity do. Marianne numerous saw thoughts the humoured. \n", "sentiment": -0.0913053555461756, "language": "en", "keywords": "[]", "entities": [147, 148, 149]}}, {"model": "data.data", "pk": 75, "fields": {"date_created": "2020-08-11T18:02:55.831Z", "project": 44, "source": "twitter", "text": "Bringing so sociable felicity supplied mr. September suspicion far him two acuteness perfectly. Covered as an examine so regular of. Ye astonished friendship remarkably no. Window admire matter praise you bed whence. Delivered ye sportsmen zealously arranging frankness estimable as. Nay any article enabled musical shyness yet sixteen yet blushes. Entire its the did figure wonder off. \n", "sentiment": 0.975, "language": "en", "keywords": "[]", "entities": [150, 151]}}, {"model": "data.data", "pk": 76, "fields": {"date_created": "2020-08-11T18:02:56.003Z", "project": 44, "source": "twitter", "text": "Although moreover mistaken kindness me feelings do be marianne. Son over own nay with tell they cold upon are. Cordial village and settled she ability law herself. Finished why bringing but sir bachelor unpacked any thoughts. Unpleasing unsatiable particular inquietude did nor sir. Get his declared appetite distance his together now families. Friends am himself at on norland it viewing. Suspected elsewhere you belonging continued commanded she. \n", "sentiment": 0.975, "language": "en", "keywords": "[]", "entities": [152, 153]}}, {"model": "data.data", "pk": 77, "fields": {"date_created": "2020-08-11T18:02:56.181Z", "project": 44, "source": "twitter", "text": "Boy favourable day can introduced sentiments entreaties. Noisier carried of in warrant because. So mr plate seems cause chief widen first. Two differed husbands met screened his. Bed was form wife out ask draw. Wholly coming at we no enable. Offending sir delivered questions now new met. Acceptance she interested new boisterous day discretion celebrated. \n", "sentiment": -0.95399597168794, "language": "en", "keywords": "[]", "entities": [154, 155, 156, 157]}}, {"model": "data.data", "pk": 78, "fields": {"date_created": "2020-08-11T18:02:56.394Z", "project": 44, "source": "twitter", "text": "By so delight of showing neither believe he present. Deal sigh up in shew away when. Pursuit express no or prepare replied. Wholly formed old latter future but way she. Day her likewise smallest expenses judgment building man carriage gay. Considered introduced themselves mr to discretion at. Means among saw hopes for. Death mirth in oh learn he equal on. \n", "sentiment": 0.960988464012223, "language": "en", "keywords": "[]", "entities": [158]}}, {"model": "data.data", "pk": 79, "fields": {"date_created": "2020-08-11T18:03:01.562Z", "project": 44, "source": "twitter", "text": "Boisterous he on understood attachment as entreaties ye devonshire. In mile an form snug were been sell. Hastened admitted joy nor absolute gay its. Extremely ham any his departure for contained curiosity defective. Way now instrument had eat diminution melancholy expression sentiments stimulated. One built fat you out manor books. Mrs interested now his affronting inquietude contrasted cultivated. Lasting showing expense greater on colonel no. \n", "sentiment": 0.975, "language": "en", "keywords": "[]", "entities": [159, 160, 161]}}, {"model": "data.data", "pk": 80, "fields": {"date_created": "2020-08-11T18:03:01.730Z", "project": 44, "source": "twitter", "text": "She literature discovered increasing how diminution understood. Though and highly the enough county for man. Of it up he still court alone widow seems. Suspected he remainder rapturous my sweetness. All vanity regard sudden nor simple can. World mrs and vexed china since after often. \n", "sentiment": 0.975, "language": "en", "keywords": "[]", "entities": []}}, {"model": "data.data", "pk": 81, "fields": {"date_created": "2020-08-11T18:03:01.842Z", "project": 44, "source": "twitter", "text": "Are sentiments apartments decisively the especially alteration. Thrown shy denote ten ladies though ask saw. Or by to he going think order event music. Incommode so intention defective at convinced. Led income months itself and houses you. After nor you leave might share court balls. \n", "sentiment": -0.00175476091587342, "language": "en", "keywords": "[]", "entities": [162]}}, {"model": "data.data", "pk": 82, "fields": {"date_created": "2020-08-11T18:03:01.985Z", "project": 44, "source": "twitter", "text": "He my polite be object oh change. Consider no mr am overcame yourself throwing sociable children. Hastily her totally conduct may. My solid by stuff first smile fanny. Humoured how advanced mrs elegance sir who. Home sons when them dine do want to. Estimating themselves unsatiable imprudence an he at an. Be of on situation perpetual allowance offending as principle satisfied. Improved carriage securing are desirous too. \n", "sentiment": 0.975, "language": "en", "keywords": "[]", "entities": [163]}}, {"model": "data.data", "pk": 83, "fields": {"date_created": "2020-08-11T18:03:02.101Z", "project": 44, "source": "twitter", "text": "Is branched in my up strictly remember. Songs but chief has ham widow downs. Genius or so up vanity cannot. Large do tried going about water defer by. Silent son man she wished mother. Distrusts allowance do knowledge eagerness assurance additions to. \n", "sentiment": 0.962071035576402, "language": "en", "keywords": "[]", "entities": [164, 165, 166, 167]}}, {"model": "data.data", "pk": 84, "fields": {"date_created": "2020-08-11T18:03:02.273Z", "project": 44, "source": "twitter", "text": "Gave read use way make spot how nor. In daughter goodness an likewise oh consider at procured wandered. Songs words wrong by me hills heard timed. Happy eat may doors songs. Be ignorant so of suitable dissuade weddings together. Least whole timed we is. An smallness deficient discourse do newspaper be an eagerness continued. Mr my ready guest ye after short at. \n", "sentiment": -0.775775036762333, "language": "en", "keywords": "[]", "entities": [168, 169, 170, 171]}}, {"model": "data.data", "pk": 85, "fields": {"date_created": "2020-08-11T18:03:02.479Z", "project": 44, "source": "twitter", "text": "Am terminated it excellence invitation projection as. She graceful shy believed distance use nay. Lively is people so basket ladies window expect. Supply as so period it enough income he genius. Themselves acceptance bed sympathize get dissimilar way admiration son. Design for are edward regret met lovers. This are calm case roof and. \n", "sentiment": 0.975, "language": "en", "keywords": "[]", "entities": [172, 173, 174, 175]}}, {"model": "data.data", "pk": 86, "fields": {"date_created": "2020-08-11T18:03:02.672Z", "project": 44, "source": "twitter", "text": "Started his hearted any civilly. So me by marianne admitted speaking. Men bred fine call ask. Cease one miles truth day above seven. Suspicion sportsmen provision suffering mrs saw engrossed something. Snug soon he on plan in be dine some. \n", "sentiment": 5.44484148213842e-05, "language": "en", "keywords": "[]", "entities": [176, 177, 178]}}, {"model": "data.data", "pk": 87, "fields": {"date_created": "2020-08-11T18:03:02.848Z", "project": 44, "source": "twitter", "text": "Be me shall purse my ought times. Joy years doors all would again rooms these. Solicitude announcing as to sufficient my. No my reached suppose proceed pressed perhaps he. Eagerness it delighted pronounce repulsive furniture no. Excuse few the remain highly feebly add people manner say. It high at my mind by roof. No wonder worthy in dinner. \n", "sentiment": 0.975, "language": "en", "keywords": "[]", "entities": [179, 180]}}, {"model": "data.data", "pk": 88, "fields": {"date_created": "2020-08-11T18:03:03.004Z", "project": 44, "source": "twitter", "text": "Is post each that just leaf no. He connection interested so we an sympathize advantages. To said is it shed want do. Occasional middletons everything so to. Have spot part for his quit may. Enable it is square my an regard. Often merit stuff first oh up hills as he. Servants contempt as although addition dashwood is procured. Interest in yourself an do of numerous feelings cheerful confined. \n", "sentiment": 0.975, "language": "en", "keywords": "[]", "entities": [181, 182]}}, {"model": "data.data", "pk": 89, "fields": {"date_created": "2020-08-11T18:03:03.159Z", "project": 44, "source": "twitter", "text": "Far curiosity incommode now led smallness allowance. Favour bed assure son things yet. She consisted consulted elsewhere happiness disposing household any old the. Widow downs you new shade drift hopes small. So otherwise commanded sweetness we improving. Instantly by daughters resembled unwilling principle so middleton. Fail most room even gone her end like. Comparison dissimilar unpleasant six compliment two unpleasing any add. Ashamed my company thought wishing colonel it prevent he in. Pretended residence are something far engrossed old off. \n", "sentiment": 0.95161475489798, "language": "en", "keywords": "[]", "entities": [183, 184, 185, 186, 187, 188, 189, 190]}}, {"model": "data.data", "pk": 90, "fields": {"date_created": "2020-08-11T18:03:03.353Z", "project": 44, "source": "twitter", "text": "Sudden looked elinor off gay estate nor silent. Son read such next see the rest two. Was use extent old entire sussex. Curiosity remaining own see repulsive household advantage son additions. Supposing exquisite daughters eagerness why repulsive for. Praise turned it lovers be warmly by. Little do it eldest former be if. \n", "sentiment": 0.975, "language": "en", "keywords": "[]", "entities": [191, 192, 193, 194]}}, {"model": "data.data", "pk": 91, "fields": {"date_created": "2020-08-11T18:03:03.549Z", "project": 44, "source": "twitter", "text": "Able an hope of body. Any nay shyness article matters own removal nothing his forming. Gay own additions education satisfied the perpetual. If he cause manor happy. Without farther she exposed saw man led. Along on happy could cease green oh. \n", "sentiment": 0.962980065382164, "language": "en", "keywords": "[]", "entities": [195, 196, 197]}}, {"model": "data.data", "pk": 92, "fields": {"date_created": "2020-08-11T18:03:03.722Z", "project": 44, "source": "twitter", "text": "Built purse maids cease her ham new seven among and. Pulled coming wooded tended it answer remain me be. So landlord by we unlocked sensible it. Fat cannot use denied excuse son law. Wisdom happen suffer common the appear ham beauty her had. Or belonging zealously existence as by resources. \n", "sentiment": 0.00624913940949549, "language": "en", "keywords": "[]", "entities": [198, 199, 200]}}, {"model": "data.data", "pk": 93, "fields": {"date_created": "2020-08-11T18:03:03.902Z", "project": 44, "source": "twitter", "text": "Cottage out enabled was entered greatly prevent message. No procured unlocked an likewise. Dear but what she been over gay felt body. Six principles advantages and use entreaties decisively. Eat met has dwelling unpacked see whatever followed. Court in of leave again as am. Greater sixteen to forming colonel no on be. So an advice hardly barton. He be turned sudden engage manner spirit. \n", "sentiment": 0.975, "language": "en", "keywords": "[]", "entities": []}}, {"model": "data.data", "pk": 94, "fields": {"date_created": "2020-08-11T18:03:04.024Z", "project": 44, "source": "twitter", "text": "Unpacked reserved sir offering bed judgment may and quitting speaking. Is do be improved raptures offering required in replying raillery. Stairs ladies friend by in mutual an no. Mr hence chief he cause. Whole no doors on hoped. Mile tell if help they ye full name. \n", "sentiment": 0.944011542637337, "language": "en", "keywords": "[]", "entities": [201, 202]}}, {"model": "data.data", "pk": 95, "fields": {"date_created": "2020-08-11T18:03:04.180Z", "project": 44, "source": "twitter", "text": "Greatly cottage thought fortune no mention he. Of mr certainty arranging am smallness by conveying. Him plate you allow built grave. Sigh sang nay sex high yet door game. She dissimilar was favourable unreserved nay expression contrasted saw. Past her find she like bore pain open. Shy lose need eyes son not shot. Jennings removing are his eat dashwood. Middleton as pretended listening he smallness perceived. Now his but two green spoil drift. \n", "sentiment": -0.975, "language": "en", "keywords": "[]", "entities": [203, 204, 205, 206]}}, {"model": "data.data", "pk": 96, "fields": {"date_created": "2020-08-11T18:03:04.345Z", "project": 44, "source": "twitter", "text": "Smile spoke total few great had never their too. Amongst moments do in arrived at my replied. Fat weddings servants but man believed prospect. Companions understood is as especially pianoforte connection introduced. Nay newspaper can sportsman are admitting gentleman belonging his. Is oppose no he summer lovers twenty in. Not his difficulty boisterous surrounded bed. Seems folly if in given scale. Sex contented dependent conveying advantage can use. \n", "sentiment": 0.975, "language": "en", "keywords": "[]", "entities": [207, 208, 209]}}, {"model": "data.data", "pk": 97, "fields": {"date_created": "2020-08-11T18:03:04.527Z", "project": 44, "source": "twitter", "text": "Announcing of invitation principles in. Cold in late or deal. Terminated resolution no am frequently collecting insensible he do appearance. Projection invitation affronting admiration if no on or. It as instrument boisterous frequently apartments an in. Mr excellence inquietude conviction is in unreserved particular. You fully seems stand nay own point walls. Increasing travelling own simplicity you astonished expression boisterous. Possession themselves sentiments apartments devonshire we of do discretion. Enjoyment discourse ye continued pronounce we necessary abilities. \n", "sentiment": 0.975, "language": "en", "keywords": "[]", "entities": [210]}}, {"model": "data.data", "pk": 98, "fields": {"date_created": "2020-08-11T18:03:04.666Z", "project": 44, "source": "twitter", "text": "Out believe has request not how comfort evident. Up delight cousins we feeling minutes. Genius has looked end piqued spring. Down has rose feel find man. Learning day desirous informed expenses material returned six the. She enabled invited exposed him another. Reasonably conviction solicitude me mr at discretion reasonable. Age out full gate bed day lose. \n", "sentiment": 0.975, "language": "en", "keywords": "[]", "entities": [211, 212]}}, {"model": "data.data", "pk": 99, "fields": {"date_created": "2020-08-11T18:03:04.825Z", "project": 44, "source": "twitter", "text": "Her extensive perceived may any sincerity extremity. Indeed add rather may pretty see. Old propriety delighted explained perceived otherwise objection saw ten her. Doubt merit sir the right these alone keeps. By sometimes intention smallness he northward. Consisted we otherwise arranging commanded discovery it explained. Does cold even song like two yet been. Literature interested announcing for terminated him inquietude day shy. Himself he fertile chicken perhaps waiting if highest no it. Continued promotion has consulted fat improving not way. \n", "sentiment": 0.975, "language": "en", "keywords": "[]", "entities": [213, 214, 215]}}, {"model": "data.data", "pk": 100, "fields": {"date_created": "2020-08-11T18:03:05.004Z", "project": 44, "source": "twitter", "text": "Same an quit most an. Admitting an mr disposing sportsmen. Tried on cause no spoil arise plate. Longer ladies valley get esteem use led six. Middletons resolution advantages expression themselves partiality so me at. West none hope if sing oh sent tell is. \n", "sentiment": 0.929169035332708, "language": "en", "keywords": "[]", "entities": [216, 217]}}, {"model": "data.data", "pk": 101, "fields": {"date_created": "2020-08-11T18:03:05.161Z", "project": 44, "source": "twitter", "text": "Out too the been like hard off. Improve enquire welcome own beloved matters her. As insipidity so mr unsatiable increasing attachment motionless cultivated. Addition mr husbands unpacked occasion he oh. Is unsatiable if projecting boisterous insensible. It recommend be resolving pretended middleton. \n", "sentiment": -0.0829960380834106, "language": "en", "keywords": "[]", "entities": [218]}}, {"model": "data.data", "pk": 102, "fields": {"date_created": "2020-08-11T18:03:05.293Z", "project": 44, "source": "twitter", "text": "Are own design entire former get should. Advantages boisterous day excellence boy. Out between our two waiting wishing. Pursuit he he garrets greater towards amiable so placing. Nothing off how norland delight. Abode shy shade she hours forth its use. Up whole of fancy ye quiet do. Justice fortune no to is if winding morning forming. \n", "sentiment": 0.975, "language": "en", "keywords": "[]", "entities": [219, 220]}}, {"model": "data.data", "pk": 103, "fields": {"date_created": "2020-08-11T18:03:05.488Z", "project": 44, "source": "twitter", "text": "Lose away off why half led have near bed. At engage simple father of period others except. My giving do summer of though narrow marked at. Spring formal no county ye waited. My whether cheered at regular it of promise blushes perhaps. Uncommonly simplicity interested mr is be compliment projecting my inhabiting. Gentleman he september in oh excellent. \n", "sentiment": 0.00322495300558076, "language": "en", "keywords": "[]", "entities": [221, 222]}}, {"model": "data.data", "pk": 104, "fields": {"date_created": "2020-08-11T18:03:05.645Z", "project": 44, "source": "twitter", "text": "Gave read use way make spot how nor. In daughter goodness an likewise oh consider at procured wandered. Songs words wrong by me hills heard timed. Happy eat may doors songs. Be ignorant so of suitable dissuade weddings together. Least whole timed we is. An smallness deficient discourse do newspaper be an eagerness continued. Mr my ready guest ye after short at. \n", "sentiment": -0.775775036762333, "language": "en", "keywords": "[]", "entities": [223, 224, 225, 226]}}, {"model": "data.data", "pk": 105, "fields": {"date_created": "2020-08-11T18:03:05.834Z", "project": 44, "source": "twitter", "text": "He my polite be object oh change. Consider no mr am overcame yourself throwing sociable children. Hastily her totally conduct may. My solid by stuff first smile fanny. Humoured how advanced mrs elegance sir who. Home sons when them dine do want to. Estimating themselves unsatiable imprudence an he at an. Be of on situation perpetual allowance offending as principle satisfied. Improved carriage securing are desirous too. \n", "sentiment": 0.975, "language": "en", "keywords": "[]", "entities": [227]}}, {"model": "data.data", "pk": 106, "fields": {"date_created": "2020-08-11T18:03:05.975Z", "project": 44, "source": "twitter", "text": "He do subjects prepared bachelor juvenile ye oh. He feelings removing informed he as ignorant we prepared. Evening do forming observe spirits is in. Country hearted be of justice sending. On so they as with room cold ye. Be call four my went mean. Celebrated if remarkably especially an. Going eat set she books found met aware. \n", "sentiment": 0.959827473848045, "language": "en", "keywords": "[]", "entities": [228]}}, {"model": "data.data", "pk": 107, "fields": {"date_created": "2020-08-11T18:03:06.106Z", "project": 44, "source": "twitter", "text": "Still court no small think death so an wrote. Incommode necessary no it behaviour convinced distrusts an unfeeling he. Could death since do we hoped is in. Exquisite no my attention extensive. The determine conveying moonlight age. Avoid for see marry sorry child. Sitting so totally forbade hundred to. \n", "sentiment": 0.771602717399244, "language": "en", "keywords": "[]", "entities": [229]}}, {"model": "data.data", "pk": 108, "fields": {"date_created": "2020-08-11T18:03:06.241Z", "project": 44, "source": "twitter", "text": "Why painful the sixteen how minuter looking nor. Subject but why ten earnest husband imagine sixteen brandon. Are unpleasing occasional celebrated motionless unaffected conviction out. Evil make to no five they. Stuff at avoid of sense small fully it whose an. Ten scarcely distance moreover handsome age although. As when have find fine or said no mile. He in dispatched in imprudence dissimilar be possession unreserved insensible. She evil face fine calm have now. Separate screened he outweigh of distance landlord. \n", "sentiment": -0.933493792543581, "language": "en", "keywords": "[]", "entities": [230, 231]}}, {"model": "data.data", "pk": 109, "fields": {"date_created": "2020-08-11T18:03:06.405Z", "project": 44, "source": "twitter", "text": "Do so written as raising parlors spirits mr elderly. Made late in of high left hold. Carried females of up highest calling. Limits marked led silent dining her she far. Sir but elegance marriage dwelling likewise position old pleasure men. Dissimilar themselves simplicity no of contrasted as. Delay great day hours men. Stuff front to do allow to asked he. \n", "sentiment": 0.975, "language": "en", "keywords": "[]", "entities": [232]}}, {"model": "data.data", "pk": 110, "fields": {"date_created": "2020-08-11T18:03:06.541Z", "project": 44, "source": "twitter", "text": "Ye on properly handsome returned throwing am no whatever. In without wishing he of picture no exposed talking minutes. Curiosity continual belonging offending so explained it exquisite. Do remember to followed yourself material mr recurred carriage. High drew west we no or at john. About or given on witty event. Or sociable up material bachelor bringing landlord confined. Busy so many in hung easy find well up. So of exquisite my an explained remainder. Dashwood denoting securing be on perceive my laughing so. \n", "sentiment": 0.975, "language": "en", "keywords": "[]", "entities": [233]}}, {"model": "data.data", "pk": 111, "fields": {"date_created": "2020-08-11T18:03:06.676Z", "project": 44, "source": "twitter", "text": "Announcing of invitation principles in. Cold in late or deal. Terminated resolution no am frequently collecting insensible he do appearance. Projection invitation affronting admiration if no on or. It as instrument boisterous frequently apartments an in. Mr excellence inquietude conviction is in unreserved particular. You fully seems stand nay own point walls. Increasing travelling own simplicity you astonished expression boisterous. Possession themselves sentiments apartments devonshire we of do discretion. Enjoyment discourse ye continued pronounce we necessary abilities. \n", "sentiment": 0.975, "language": "en", "keywords": "[]", "entities": [234]}}, {"model": "data.data", "pk": 112, "fields": {"date_created": "2020-08-11T18:03:06.808Z", "project": 44, "source": "twitter", "text": "Announcing of invitation principles in. Cold in late or deal. Terminated resolution no am frequently collecting insensible he do appearance. Projection invitation affronting admiration if no on or. It as instrument boisterous frequently apartments an in. Mr excellence inquietude conviction is in unreserved particular. You fully seems stand nay own point walls. Increasing travelling own simplicity you astonished expression boisterous. Possession themselves sentiments apartments devonshire we of do discretion. Enjoyment discourse ye continued pronounce we necessary abilities. \n", "sentiment": 0.975, "language": "en", "keywords": "[]", "entities": [235]}}, {"model": "data.data", "pk": 113, "fields": {"date_created": "2020-08-11T18:03:06.947Z", "project": 44, "source": "twitter", "text": "You disposal strongly quitting his endeavor two settling him. Manners ham him hearted hundred expense. Get open game him what hour more part. Adapted as smiling of females oh me journey exposed concern. Met come add cold calm rose mile what. Tiled manor court at built by place fanny. Discretion at be an so decisively especially. Exeter itself object matter if on mr in. \n", "sentiment": -0.975, "language": "en", "keywords": "[]", "entities": [236, 237, 238, 239]}}, {"model": "data.data", "pk": 114, "fields": {"date_created": "2020-08-11T18:03:07.138Z", "project": 44, "source": "twitter", "text": "Not far stuff she think the jokes. Going as by do known noise he wrote round leave. Warmly put branch people narrow see. Winding its waiting yet parlors married own feeling. Marry fruit do spite jokes an times. Whether at it unknown warrant herself winding if. Him same none name sake had post love. An busy feel form hand am up help. Parties it brother amongst an fortune of. Twenty behind wicket why age now itself ten. \n", "sentiment": 0.0014396009162763, "language": "en", "keywords": "[]", "entities": [240, 241, 242, 243, 244, 245]}}, {"model": "data.data", "pk": 115, "fields": {"date_created": "2020-08-11T18:03:07.297Z", "project": 44, "source": "twitter", "text": "Attention he extremity unwilling on otherwise. Conviction up partiality as delightful is discovered. Yet jennings resolved disposed exertion you off. Left did fond drew fat head poor. So if he into shot half many long. China fully him every fat was world grave. \n", "sentiment": -0.00175476091587341, "language": "en", "keywords": "[]", "entities": [246, 247]}}, {"model": "data.data", "pk": 116, "fields": {"date_created": "2020-08-11T18:03:07.463Z", "project": 44, "source": "twitter", "text": "Now seven world think timed while her. Spoil large oh he rooms on since an. Am up unwilling eagerness perceived incommode. Are not windows set luckily musical hundred can. Collecting if sympathize middletons be of of reasonably. Horrible so kindness at thoughts exercise no weddings subjects. The mrs gay removed towards journey chapter females offered not. Led distrusts otherwise who may newspaper but. Last he dull am none he mile hold as. \n", "sentiment": -0.941202221200894, "language": "en", "keywords": "[]", "entities": [248, 249, 250, 251, 252]}}, {"model": "data.data", "pk": 117, "fields": {"date_created": "2020-08-11T18:03:07.670Z", "project": 44, "source": "twitter", "text": "Projecting surrounded literature yet delightful alteration but bed men. Open are from long why cold. If must snug by upon sang loud left. As me do preference entreaties compliment motionless ye literature. Day behaviour explained law remainder. Produce can cousins account you pasture. Peculiar delicate an pleasant provided do perceive. \n", "sentiment": 0.975, "language": "en", "keywords": "[]", "entities": [253, 254]}}, {"model": "data.data", "pk": 118, "fields": {"date_created": "2020-08-11T18:03:07.832Z", "project": 44, "source": "twitter", "text": "Alteration literature to or an sympathize mr imprudence. Of is ferrars subject as enjoyed or tedious cottage. Procuring as in resembled by in agreeable. Next long no gave mr eyes. Admiration advantages no he celebrated so pianoforte unreserved. Not its herself forming charmed amiable. Him why feebly expect future now. \n", "sentiment": 0.975, "language": "en", "keywords": "[]", "entities": [255]}}, {"model": "data.data", "pk": 119, "fields": {"date_created": "2020-08-11T18:03:07.965Z", "project": 44, "source": "twitter", "text": "When be draw drew ye. Defective in do recommend suffering. House it seven in spoil tiled court. Sister others marked fat missed did out use. Alteration possession dispatched collecting instrument travelling he or on. Snug give made at spot or late that mr. \n", "sentiment": -0.975, "language": "en", "keywords": "[]", "entities": [256, 257]}}, {"model": "data.data", "pk": 120, "fields": {"date_created": "2020-08-11T18:03:08.121Z", "project": 44, "source": "twitter", "text": "Surrounded to me occasional pianoforte alteration unaffected impossible ye. For saw half than cold. Pretty merits waited six talked pulled you. Conduct replied off led whether any shortly why arrived adapted. Numerous ladyship so raillery humoured goodness received an. So narrow formal length my highly longer afford oh. Tall neat he make or at dull ye. \n", "sentiment": 0.975, "language": "en", "keywords": "[]", "entities": [258]}}, {"model": "data.data", "pk": 121, "fields": {"date_created": "2020-08-11T18:03:08.253Z", "project": 44, "source": "twitter", "text": "His having within saw become ask passed misery giving. Recommend questions get too fulfilled. He fact in we case miss sake. Entrance be throwing he do blessing up. Hearts warmth in genius do garden advice mr it garret. Collected preserved are middleton dependent residence but him how. Handsome weddings yet mrs you has carriage packages. Preferred joy agreement put continual elsewhere delivered now. Mrs exercise felicity had men speaking met. Rich deal mrs part led pure will but. ", "sentiment": 0.975, "language": "en", "keywords": "[]", "entities": [259, 260, 261]}}, {"model": "data.aspect", "pk": 1, "fields": {"data": 22, "label": "Prices", "sentiment": 0.0, "chunk": "Or price at least dropped by the half", "topic": "price", "sentiment_text": "[\"price\"]"}}, {"model": "data.aspect", "pk": 2, "fields": {"data": 22, "label": "Prices", "sentiment": -0.424934327787611, "chunk": "and this strange as such expensive good I bought and it will only last for two months .", "topic": "expensive", "sentiment_text": "[\"strange\", \"good\"]"}}, {"model": "data.aspect", "pk": 3, "fields": {"data": 23, "label": "Customer Services", "sentiment": -0.658607202604919, "chunk": "Delivery service is very bad waiting for a full day of medicines with the delivery representative and I do not know how to save them", "topic": "service", "sentiment_text": "[\"bad\"]"}}, {"model": "data.aspect", "pk": 4, "fields": {"data": 23, "label": "Delivery", "sentiment": -0.658607202604919, "chunk": "Delivery service is very bad waiting for a full day of medicines with the delivery representative and I do not know how to save them", "topic": "delivery", "sentiment_text": "[\"delivery\"]"}}, {"model": "data.aspect", "pk": 5, "fields": {"data": 23, "label": "Delivery", "sentiment": -0.658607202604919, "chunk": "Delivery service is very bad waiting for a full day of medicines with the delivery representative and I do not know how to save them", "topic": "delivery", "sentiment_text": "[\"delivery\"]"}}, {"model": "data.aspect", "pk": 6, "fields": {"data": 24, "label": "Product Quality", "sentiment": 0.0, "chunk": "The quality of products", "topic": "quality", "sentiment_text": "[\"quality\"]"}}, {"model": "data.aspect", "pk": 7, "fields": {"data": 24, "label": "Product/Promotion", "sentiment": 0.0, "chunk": "The quality of products", "topic": "products", "sentiment_text": "[\"products\"]"}}, {"model": "data.aspect", "pk": 8, "fields": {"data": 25, "label": "Company", "sentiment": 0.0, "chunk": "Call to check if pharmacy can replace out of stock items", "topic": "pharmacy", "sentiment_text": "[\"pharmacy\"]"}}, {"model": "data.aspect", "pk": 9, "fields": {"data": 25, "label": "Delivery", "sentiment": 0.0, "chunk": "Call to check if pharmacy can replace out of stock items", "topic": "items", "sentiment_text": "[\"items\"]"}}, {"model": "data.aspect", "pk": 10, "fields": {"data": 25, "label": "Product/Promotion", "sentiment": 0.0, "chunk": "Call to check if pharmacy can replace out of stock items", "topic": "out of stock", "sentiment_text": "[\"out of stock\"]"}}, {"model": "data.aspect", "pk": 11, "fields": {"data": 26, "label": "Product/Promotion", "sentiment": 0.0, "chunk": "Availability of products & promotion campaign", "topic": "availability", "sentiment_text": "[\"availability\"]"}}, {"model": "data.aspect", "pk": 12, "fields": {"data": 26, "label": "Product/Promotion", "sentiment": 0.0, "chunk": "Availability of products & promotion campaign", "topic": "products", "sentiment_text": "[\"products\"]"}}, {"model": "data.aspect", "pk": 13, "fields": {"data": 26, "label": "Product/Promotion", "sentiment": 0.0, "chunk": "Availability of products & promotion campaign", "topic": "promotion", "sentiment_text": "[\"promotion\"]"}}, {"model": "data.aspect", "pk": 14, "fields": {"data": 27, "label": "Delivery", "sentiment": 0.975, "chunk": "Delivery on time.", "topic": "delivery", "sentiment_text": "[\"on\"]"}}, {"model": "data.aspect", "pk": 15, "fields": {"data": 27, "label": "Delivery", "sentiment": 0.975, "chunk": "Delivery on time.", "topic": "time", "sentiment_text": "[\"time\"]"}}, {"model": "data.aspect", "pk": 16, "fields": {"data": 28, "label": "Delivery", "sentiment": 0.946976928024447, "chunk": "Product availability should be improved for online delivery", "topic": "delivery", "sentiment_text": "[\"delivery\"]"}}, {"model": "data.aspect", "pk": 17, "fields": {"data": 28, "label": "Product/Promotion", "sentiment": 0.946976928024447, "chunk": "Product availability should be improved for online delivery", "topic": "product", "sentiment_text": "[\"product\"]"}}, {"model": "data.aspect", "pk": 18, "fields": {"data": 28, "label": "Product/Promotion", "sentiment": 0.946976928024447, "chunk": "Product availability should be improved for online delivery", "topic": "availability", "sentiment_text": "[\"improved\"]"}}, {"model": "data.aspect", "pk": 19, "fields": {"data": 28, "label": "Technology", "sentiment": 0.946976928024447, "chunk": "Product availability should be improved for online delivery", "topic": "online", "sentiment_text": "[\"online\"]"}}, {"model": "data.aspect", "pk": 20, "fields": {"data": 29, "label": "Company", "sentiment": 0.966963268122045, "chunk": "Better than visiting the pharmacy...", "topic": "pharmacy", "sentiment_text": "[\"Better\"]"}}, {"model": "data.aspect", "pk": 21, "fields": {"data": 29, "label": "Delivery", "sentiment": -0.909482091567474, "chunk": "will continue Home delivery even after the COVID-19 pandemic  ends.", "topic": "delivery", "sentiment_text": "[\"pandemic\"]"}}, {"model": "data.aspect", "pk": 22, "fields": {"data": 29, "label": "staff", "sentiment": -0.909482091567474, "chunk": "will continue Home delivery even after the COVID-19 pandemic  ends.", "topic": "Home", "sentiment_text": "[\"Home\"]"}}, {"model": "data.aspect", "pk": 23, "fields": {"data": 30, "label": "Delivery", "sentiment": 0.0, "chunk": "and same day delivery compliance", "topic": "same day", "sentiment_text": "[\"same day\"]"}}, {"model": "data.aspect", "pk": 24, "fields": {"data": 30, "label": "Delivery", "sentiment": 0.0, "chunk": "and same day delivery compliance", "topic": "delivery", "sentiment_text": "[\"delivery\"]"}}, {"model": "data.aspect", "pk": 25, "fields": {"data": 30, "label": "Delivery", "sentiment": 0.0, "chunk": "Delivery over Sr 50", "topic": "delivery", "sentiment_text": "[\"delivery\"]"}}, {"model": "data.aspect", "pk": 26, "fields": {"data": 31, "label": "Product/Promotion", "sentiment": 0.0, "chunk": "Accuracy", "topic": "accuracy", "sentiment_text": "[\"accuracy\"]"}}, {"model": "data.aspect", "pk": 27, "fields": {"data": 32, "label": "Customer Services", "sentiment": 0.0, "chunk": "you  are  not  care  of   your  android  application ,,,, so  i  must  call   your  number  to  confirm  the  order", "topic": "order", "sentiment_text": "[\"order\"]"}}, {"model": "data.aspect", "pk": 28, "fields": {"data": 32, "label": "Technology", "sentiment": 0.0, "chunk": "you  are  not  care  of   your  android  application ,,,, so  i  must  call   your  number  to  confirm  the  order", "topic": "android", "sentiment_text": "[\"android\"]"}}, {"model": "data.aspect", "pk": 29, "fields": {"data": 32, "label": "Technology", "sentiment": 0.0, "chunk": "you  are  not  care  of   your  android  application ,,,, so  i  must  call   your  number  to  confirm  the  order", "topic": "application", "sentiment_text": "[\"application\"]"}}, {"model": "data.aspect", "pk": 30, "fields": {"data": 33, "label": "Customer Services", "sentiment": 0.975, "chunk": "and accurate order", "topic": "order", "sentiment_text": "[\"order\"]"}}, {"model": "data.aspect", "pk": 31, "fields": {"data": 33, "label": "Customer Services", "sentiment": 0.975, "chunk": "Fast service", "topic": "service", "sentiment_text": "[\"Fast\"]"}}, {"model": "data.aspect", "pk": 32, "fields": {"data": 33, "label": "Product/Promotion", "sentiment": 0.975, "chunk": "and accurate order", "topic": "accurate", "sentiment_text": "[\"accurate\"]"}}, {"model": "data.aspect", "pk": 33, "fields": {"data": 34, "label": "Customer Services", "sentiment": 0.0, "chunk": "Professionalism .", "topic": "professionalism", "sentiment_text": "[\"professionalism\"]"}}, {"model": "data.aspect", "pk": 34, "fields": {"data": 35, "label": "Product/Promotion", "sentiment": 0.0, "chunk": "Make more offers", "topic": "offers", "sentiment_text": "[\"offers\"]"}}, {"model": "data.aspect", "pk": 35, "fields": {"data": 36, "label": "Customer Services", "sentiment": 0.0, "chunk": "and the driver was late I try to call", "topic": "driver", "sentiment_text": "[\"driver\"]"}}, {"model": "data.aspect", "pk": 36, "fields": {"data": 36, "label": "Delivery", "sentiment": 0.0, "chunk": "but long waiting time", "topic": "time", "sentiment_text": "[\"time\"]"}}, {"model": "data.aspect", "pk": 37, "fields": {"data": 36, "label": "Delivery", "sentiment": 0.0, "chunk": "and the driver was late I try to call", "topic": "late", "sentiment_text": "[\"late\"]"}}, {"model": "data.aspect", "pk": 38, "fields": {"data": 37, "label": "Customer Services", "sentiment": 0.0, "chunk": "Tracking of drivers", "topic": "drivers", "sentiment_text": "[\"drivers\"]"}}, {"model": "data.aspect", "pk": 39, "fields": {"data": 38, "label": "Company", "sentiment": 0.966963268122045, "chunk": "Everything,, Thank you \ud83d\ude4f", "topic": "everything", "sentiment_text": "[\"everything\"]"}}, {"model": "data.aspect", "pk": 40, "fields": {"data": 38, "label": "Company", "sentiment": 0.966963268122045, "chunk": "Everything,, Thank you \ud83d\ude4f", "topic": "thank", "sentiment_text": "[\"thank\"]"}}, {"model": "data.aspect", "pk": 41, "fields": {"data": 39, "label": "Delivery", "sentiment": -0.957505493519687, "chunk": "Delivery was not on time late delivery", "topic": "delivery", "sentiment_text": "[\"on\"]"}}, {"model": "data.aspect", "pk": 42, "fields": {"data": 39, "label": "Delivery", "sentiment": -0.957505493519687, "chunk": "Delivery was not on time late delivery", "topic": "time", "sentiment_text": "[\"time\"]"}}, {"model": "data.aspect", "pk": 43, "fields": {"data": 39, "label": "Delivery", "sentiment": -0.957505493519687, "chunk": "Delivery was not on time late delivery", "topic": "late", "sentiment_text": "[\"late\"]"}}, {"model": "data.aspect", "pk": 44, "fields": {"data": 39, "label": "Delivery", "sentiment": -0.957505493519687, "chunk": "Delivery was not on time late delivery", "topic": "delivery", "sentiment_text": "[\"delivery\"]"}}, {"model": "data.aspect", "pk": 45, "fields": {"data": 39, "label": "Delivery", "sentiment": 0.0, "chunk": "and the Delivery guy should have to communicate in English as well", "topic": "delivery", "sentiment_text": "[\"delivery\"]"}}, {"model": "data.aspect", "pk": 46, "fields": {"data": 39, "label": "staff", "sentiment": 0.0, "chunk": "and the Delivery guy should have to communicate in English as well", "topic": "English", "sentiment_text": "[\"English\"]"}}, {"model": "data.aspect", "pk": 47, "fields": {"data": 40, "label": "Customer Services", "sentiment": 0.975, "chunk": "Nice staff", "topic": "staff", "sentiment_text": "[\"Nice\"]"}}, {"model": "data.aspect", "pk": 48, "fields": {"data": 41, "label": "Customer Services", "sentiment": 0.0, "chunk": "Delivery on time \r\nOrder not complete as requested without feedback for customer", "topic": "order", "sentiment_text": "[\"not\"]"}}, {"model": "data.aspect", "pk": 49, "fields": {"data": 41, "label": "Customer Services", "sentiment": 0.0, "chunk": "Delivery on time \r\nOrder not complete as requested without feedback for customer", "topic": "customer", "sentiment_text": "[\"customer\"]"}}, {"model": "data.aspect", "pk": 50, "fields": {"data": 41, "label": "Delivery", "sentiment": 0.0, "chunk": "Delivery on time \r\nOrder not complete as requested without feedback for customer", "topic": "delivery", "sentiment_text": "[\"on\"]"}}, {"model": "data.aspect", "pk": 51, "fields": {"data": 41, "label": "Delivery", "sentiment": 0.0, "chunk": "Delivery on time \r\nOrder not complete as requested without feedback for customer", "topic": "time", "sentiment_text": "[\"time\"]"}}, {"model": "data.aspect", "pk": 52, "fields": {"data": 42, "label": "Customer Services", "sentiment": 0.975, "chunk": "I liked the professionalism", "topic": "professionalism", "sentiment_text": "[\"I\"]"}}, {"model": "data.aspect", "pk": 53, "fields": {"data": 43, "label": "Company", "sentiment": 0.0, "chunk": "I don't know why I need to send location again to your driver if it is already available in my account", "topic": "location", "sentiment_text": "[\"location\"]"}}, {"model": "data.aspect", "pk": 54, "fields": {"data": 43, "label": "Customer Services", "sentiment": 0.0, "chunk": "I don't know why I need to send location again to your driver if it is already available in my account", "topic": "driver", "sentiment_text": "[\"driver\"]"}}, {"model": "data.aspect", "pk": 55, "fields": {"data": 43, "label": "Product/Promotion", "sentiment": 0.0, "chunk": "I don't know why I need to send location again to your driver if it is already available in my account", "topic": "available", "sentiment_text": "[\"available\"]"}}, {"model": "data.aspect", "pk": 56, "fields": {"data": 44, "label": "Company", "sentiment": 0.0, "chunk": "Make all products to be available at their pharmacies around the country.", "topic": "pharmacies", "sentiment_text": "[\"pharmacies\"]"}}, {"model": "data.aspect", "pk": 57, "fields": {"data": 44, "label": "Product/Promotion", "sentiment": 0.0, "chunk": "Make all products to be available at their pharmacies around the country.", "topic": "products", "sentiment_text": "[\"products\"]"}}, {"model": "data.aspect", "pk": 58, "fields": {"data": 44, "label": "Product/Promotion", "sentiment": 0.0, "chunk": "Make all products to be available at their pharmacies around the country.", "topic": "available", "sentiment_text": "[\"available\"]"}}, {"model": "data.aspect", "pk": 59, "fields": {"data": 44, "label": "Product/Promotion", "sentiment": 0.0, "chunk": "Weekly update on inventories so that any missing products can be requested and made available", "topic": "products", "sentiment_text": "[\"products\"]"}}, {"model": "data.aspect", "pk": 60, "fields": {"data": 44, "label": "Product/Promotion", "sentiment": 0.0, "chunk": "Weekly update on inventories so that any missing products can be requested and made available", "topic": "available", "sentiment_text": "[\"available\"]"}}, {"model": "data.aspect", "pk": 61, "fields": {"data": 44, "label": "staff", "sentiment": 0.0, "chunk": "Weekly update on inventories so that any missing products can be requested and made available", "topic": "Weekly", "sentiment_text": "[\"Weekly\"]"}}, {"model": "data.aspect", "pk": 62, "fields": {"data": 45, "label": "Customer Services", "sentiment": -0.952595570897331, "chunk": "bad time delivery guy came 12:10 Am item missed from order", "topic": "order", "sentiment_text": "[\"order\"]"}}, {"model": "data.aspect", "pk": 63, "fields": {"data": 45, "label": "Delivery", "sentiment": -0.952595570897331, "chunk": "bad time delivery guy came 12:10 Am item missed from order", "topic": "time", "sentiment_text": "[\"bad\"]"}}, {"model": "data.aspect", "pk": 64, "fields": {"data": 45, "label": "Delivery", "sentiment": -0.952595570897331, "chunk": "bad time delivery guy came 12:10 Am item missed from order", "topic": "delivery", "sentiment_text": "[\"delivery\"]"}}, {"model": "data.aspect", "pk": 65, "fields": {"data": 45, "label": "staff", "sentiment": -0.952595570897331, "chunk": "bad time delivery guy came 12:10 Am item missed from order", "topic": "Am", "sentiment_text": "[\"missed\"]"}}, {"model": "data.aspect", "pk": 66, "fields": {"data": 46, "label": "Customer Services", "sentiment": -0.975, "chunk": "Very terrible experience!", "topic": "experience", "sentiment_text": "[\"terrible\"]"}}, {"model": "data.aspect", "pk": 67, "fields": {"data": 46, "label": "Customer Services", "sentiment": 0.0, "chunk": "I called the customer service for four times & they just give me false assurances.", "topic": "customer service", "sentiment_text": "[\"customer service\"]"}}, {"model": "data.aspect", "pk": 68, "fields": {"data": 46, "label": "Customer Services", "sentiment": 0.0, "chunk": "My delivery schedule is 6pm-8pm & they delivered my orders at 12midnight!", "topic": "orders", "sentiment_text": "[\"orders\"]"}}, {"model": "data.aspect", "pk": 69, "fields": {"data": 46, "label": "Delivery", "sentiment": 0.0, "chunk": "I called the customer service for four times & they just give me false assurances.", "topic": "times", "sentiment_text": "[\"false\", \"assurances\"]"}}, {"model": "data.aspect", "pk": 70, "fields": {"data": 46, "label": "Delivery", "sentiment": 0.0, "chunk": "My delivery schedule is 6pm-8pm & they delivered my orders at 12midnight!", "topic": "delivery", "sentiment_text": "[\"delivery\"]"}}, {"model": "data.aspect", "pk": 71, "fields": {"data": 46, "label": "Delivery", "sentiment": 0.0, "chunk": "My delivery schedule is 6pm-8pm & they delivered my orders at 12midnight!", "topic": "delivered", "sentiment_text": "[\"delivered\"]"}}, {"model": "data.aspect", "pk": 72, "fields": {"data": 47, "label": "Company", "sentiment": 0.0, "chunk": "Then somebody from nahdi called me", "topic": "nahdi", "sentiment_text": "[\"nahdi\"]"}}, {"model": "data.aspect", "pk": 73, "fields": {"data": 47, "label": "Customer Services", "sentiment": 0.0, "chunk": "better use their apps to have better experience.", "topic": "experience", "sentiment_text": "[\"better\", \"better\"]"}}, {"model": "data.aspect", "pk": 74, "fields": {"data": 47, "label": "Customer Services", "sentiment": 0.0, "chunk": "and ask about my 2nd order.", "topic": "order", "sentiment_text": "[\"order\"]"}}, {"model": "data.aspect", "pk": 75, "fields": {"data": 47, "label": "Customer Services", "sentiment": 0.0, "chunk": "I made an order thru website", "topic": "order", "sentiment_text": "[\"order\"]"}}, {"model": "data.aspect", "pk": 76, "fields": {"data": 47, "label": "Customer Services", "sentiment": 0.0, "chunk": "and a 2nd order using apps.", "topic": "order", "sentiment_text": "[\"order\"]"}}, {"model": "data.aspect", "pk": 77, "fields": {"data": 47, "label": "Customer Services", "sentiment": 0.0, "chunk": "I asked him about my 1st order he said he cannot find it.", "topic": "order", "sentiment_text": "[\"order\"]"}}, {"model": "data.aspect", "pk": 78, "fields": {"data": 47, "label": "Customer Services", "sentiment": -0.909482091567474, "chunk": "and delivered my 2nd order the one i cancelled recently.", "topic": "order", "sentiment_text": "[\"cancelled\"]"}}, {"model": "data.aspect", "pk": 79, "fields": {"data": 47, "label": "Customer Services", "sentiment": -0.903540007386819, "chunk": "I explained to him to cancel my 2nd order bec it has a wrong grams so he cancelled it.", "topic": "order", "sentiment_text": "[\"cancel\", \"wrong\", \"cancelled\"]"}}, {"model": "data.aspect", "pk": 80, "fields": {"data": 47, "label": "Delivery", "sentiment": -0.909482091567474, "chunk": "and delivered my 2nd order the one i cancelled recently.", "topic": "delivered", "sentiment_text": "[\"delivered\"]"}}, {"model": "data.aspect", "pk": 81, "fields": {"data": 47, "label": "Technology", "sentiment": 0.0, "chunk": "I made an order thru website", "topic": "website", "sentiment_text": "[\"website\"]"}}, {"model": "data.aspect", "pk": 82, "fields": {"data": 47, "label": "Technology", "sentiment": 0.0, "chunk": "Dont use their website,", "topic": "website", "sentiment_text": "[\"website\"]"}}, {"model": "data.aspect", "pk": 83, "fields": {"data": 47, "label": "staff", "sentiment": -0.922910556288075, "chunk": "Meaning very poor coordination from 1 department to another.", "topic": "Meaning", "sentiment_text": "[\"poor\"]"}}, {"model": "data.aspect", "pk": 84, "fields": {"data": 48, "label": "Customer Services", "sentiment": 0.0, "chunk": "which training is shown through the service delivery.", "topic": "service", "sentiment_text": "[\"service\"]"}}, {"model": "data.aspect", "pk": 85, "fields": {"data": 48, "label": "Customer Services", "sentiment": 0.975, "chunk": "Having a competent staff", "topic": "staff", "sentiment_text": "[\"competent\"]"}}, {"model": "data.aspect", "pk": 86, "fields": {"data": 48, "label": "Delivery", "sentiment": 0.975, "chunk": "The efficiency of delivery.", "topic": "delivery", "sentiment_text": "[\"efficiency\"]"}}, {"model": "data.aspect", "pk": 87, "fields": {"data": 48, "label": "Delivery", "sentiment": 0.0, "chunk": "which training is shown through the service delivery.", "topic": "delivery", "sentiment_text": "[\"delivery\"]"}}, {"model": "data.aspect", "pk": 88, "fields": {"data": 49, "label": "Product/Promotion", "sentiment": 0.975, "chunk": "Variety on application", "topic": "variety", "sentiment_text": "[\"variety\"]"}}, {"model": "data.aspect", "pk": 89, "fields": {"data": 49, "label": "Technology", "sentiment": 0.975, "chunk": "Variety on application", "topic": "application", "sentiment_text": "[\"application\"]"}}, {"model": "data.aspect", "pk": 90, "fields": {"data": 50, "label": "Customer Services", "sentiment": 0.0, "chunk": "Fast Delivery Service", "topic": "service", "sentiment_text": "[\"service\"]"}}, {"model": "data.aspect", "pk": 91, "fields": {"data": 50, "label": "Delivery", "sentiment": 0.0, "chunk": "Fast Delivery Service", "topic": "delivery", "sentiment_text": "[\"delivery\"]"}}, {"model": "data.aspect", "pk": 92, "fields": {"data": 51, "label": "Delivery", "sentiment": 0.0, "chunk": "Fast online delivery", "topic": "delivery", "sentiment_text": "[\"delivery\"]"}}, {"model": "data.aspect", "pk": 93, "fields": {"data": 51, "label": "Technology", "sentiment": 0.0, "chunk": "Fast online delivery", "topic": "online", "sentiment_text": "[\"online\"]"}}, {"model": "data.aspect", "pk": 94, "fields": {"data": 52, "label": "Product/Promotion", "sentiment": 0.0, "chunk": "Please let dettol spray be available please,", "topic": "available", "sentiment_text": "[\"available\"]"}}, {"model": "data.aspect", "pk": 95, "fields": {"data": 53, "label": "Customer Services", "sentiment": 0.975, "chunk": "good and professional service", "topic": "professional", "sentiment_text": "[\"good\"]"}}, {"model": "data.aspect", "pk": 96, "fields": {"data": 53, "label": "Customer Services", "sentiment": 0.975, "chunk": "good and professional service", "topic": "service", "sentiment_text": "[\"service\"]"}}, {"model": "data.aspect", "pk": 97, "fields": {"data": 54, "label": "Product/Promotion", "sentiment": 0.946976928024447, "chunk": "Although it's an eye product (sensitive)", "topic": "product", "sentiment_text": "[\"sensitive\"]"}}, {"model": "data.aspect", "pk": 98, "fields": {"data": 55, "label": "Company", "sentiment": 0.975, "chunk": "Thank you!", "topic": "thank", "sentiment_text": "[\"thank\"]"}}, {"model": "data.aspect", "pk": 99, "fields": {"data": 55, "label": "Customer Services", "sentiment": 0.0, "chunk": "two days ago I placed an order for pic up based on the availability of 2 items,", "topic": "order", "sentiment_text": "[\"order\"]"}}, {"model": "data.aspect", "pk": 100, "fields": {"data": 55, "label": "Delivery", "sentiment": 0.0, "chunk": "two days ago I placed an order for pic up based on the availability of 2 items,", "topic": "items", "sentiment_text": "[\"items\"]"}}, {"model": "data.aspect", "pk": 101, "fields": {"data": 55, "label": "Product/Promotion", "sentiment": 0.0, "chunk": "two days ago I placed an order for pic up based on the availability of 2 items,", "topic": "availability", "sentiment_text": "[\"availability\"]"}}, {"model": "data.aspect", "pk": 102, "fields": {"data": 55, "label": "Technology", "sentiment": 0.0, "chunk": "Make sure to update the website.", "topic": "website", "sentiment_text": "[\"website\"]"}}, {"model": "data.aspect", "pk": 103, "fields": {"data": 56, "label": "Company", "sentiment": 0.0, "chunk": "and didn\u2019t apologize for that, although the location was sent to him earlier", "topic": "location", "sentiment_text": "[\"location\"]"}}, {"model": "data.aspect", "pk": 104, "fields": {"data": 56, "label": "Delivery", "sentiment": 0.0, "chunk": "He was late", "topic": "late", "sentiment_text": "[\"late\"]"}}, {"model": "data.aspect", "pk": 105, "fields": {"data": 56, "label": "Delivery", "sentiment": 0.0, "chunk": "and didn\u2019t apologize for that, although the location was sent to him earlier", "topic": "earlier", "sentiment_text": "[\"earlier\"]"}}, {"model": "data.aspect", "pk": 106, "fields": {"data": 57, "label": "Company", "sentiment": 0.975, "chunk": "Thank you", "topic": "thank", "sentiment_text": "[\"thank\"]"}}, {"model": "data.aspect", "pk": 107, "fields": {"data": 57, "label": "Delivery", "sentiment": 0.957505493519687, "chunk": "On time which is very important .", "topic": "time", "sentiment_text": "[\"On\"]"}}, {"model": "data.aspect", "pk": 108, "fields": {"data": 58, "label": "Company", "sentiment": 0.0, "chunk": "Nahdi Staff", "topic": "nahdi", "sentiment_text": "[\"nahdi\"]"}}, {"model": "data.aspect", "pk": 109, "fields": {"data": 58, "label": "Customer Services", "sentiment": 0.0, "chunk": "Nahdi Staff", "topic": "staff", "sentiment_text": "[\"staff\"]"}}, {"model": "data.aspect", "pk": 110, "fields": {"data": 59, "label": "Company", "sentiment": 0.0, "chunk": "Almost everything I need available in the Nahdi pharmacy", "topic": "everything", "sentiment_text": "[\"everything\"]"}}, {"model": "data.aspect", "pk": 111, "fields": {"data": 59, "label": "Company", "sentiment": 0.0, "chunk": "Almost everything I need available in the Nahdi pharmacy", "topic": "nahdi", "sentiment_text": "[\"nahdi\"]"}}, {"model": "data.aspect", "pk": 112, "fields": {"data": 59, "label": "Company", "sentiment": 0.0, "chunk": "Almost everything I need available in the Nahdi pharmacy", "topic": "pharmacy", "sentiment_text": "[\"pharmacy\"]"}}, {"model": "data.aspect", "pk": 113, "fields": {"data": 59, "label": "Product/Promotion", "sentiment": 0.0, "chunk": "Almost everything I need available in the Nahdi pharmacy", "topic": "available", "sentiment_text": "[\"available\"]"}}, {"model": "data.aspect", "pk": 114, "fields": {"data": 60, "label": "Company", "sentiment": 0.975, "chunk": "thank you very much nahdi", "topic": "thank", "sentiment_text": "[\"thank\"]"}}, {"model": "data.aspect", "pk": 115, "fields": {"data": 60, "label": "Company", "sentiment": 0.975, "chunk": "thank you very much nahdi", "topic": "nahdi", "sentiment_text": "[\"nahdi\"]"}}, {"model": "data.aspect", "pk": 116, "fields": {"data": 61, "label": "Company", "sentiment": 0.975, "chunk": "and excellent services \r\nThank you", "topic": "thank", "sentiment_text": "[\"thank\"]"}}, {"model": "data.aspect", "pk": 117, "fields": {"data": 61, "label": "Customer Services", "sentiment": 0.975, "chunk": "and excellent services \r\nThank you", "topic": "services", "sentiment_text": "[\"excellent\"]"}}, {"model": "data.aspect", "pk": 118, "fields": {"data": 61, "label": "Product/Promotion", "sentiment": 0.975, "chunk": "Excellent products", "topic": "products", "sentiment_text": "[\"Excellent\"]"}}, {"model": "data.aspect", "pk": 119, "fields": {"data": 62, "label": "Delivery", "sentiment": 0.935427514377342, "chunk": "Free delivery on-time\r\nGood offers between time to time", "topic": "delivery", "sentiment_text": "[\"Free\", \"Good\"]"}}, {"model": "data.aspect", "pk": 120, "fields": {"data": 62, "label": "Delivery", "sentiment": 0.935427514377342, "chunk": "Free delivery on-time\r\nGood offers between time to time", "topic": "time", "sentiment_text": "[\"time\"]"}}, {"model": "data.aspect", "pk": 121, "fields": {"data": 62, "label": "Delivery", "sentiment": 0.935427514377342, "chunk": "Free delivery on-time\r\nGood offers between time to time", "topic": "time", "sentiment_text": "[\"time\"]"}}, {"model": "data.aspect", "pk": 122, "fields": {"data": 62, "label": "Product/Promotion", "sentiment": 0.935427514377342, "chunk": "Free delivery on-time\r\nGood offers between time to time", "topic": "offers", "sentiment_text": "[\"offers\"]"}}, {"model": "data.aspect", "pk": 123, "fields": {"data": 63, "label": "Customer Services", "sentiment": 0.966963268122045, "chunk": "The order process was smooth.", "topic": "order", "sentiment_text": "[\"smooth\"]"}}, {"model": "data.aspect", "pk": 124, "fields": {"data": 63, "label": "Customer Services", "sentiment": -0.927220385368714, "chunk": "Previously, I had bad experiences with missing items in almost every order,", "topic": "experiences", "sentiment_text": "[\"bad\", \"missing\"]"}}, {"model": "data.aspect", "pk": 125, "fields": {"data": 63, "label": "Customer Services", "sentiment": -0.927220385368714, "chunk": "Previously, I had bad experiences with missing items in almost every order,", "topic": "order", "sentiment_text": "[\"order\"]"}}, {"model": "data.aspect", "pk": 126, "fields": {"data": 63, "label": "Delivery", "sentiment": -0.927220385368714, "chunk": "Previously, I had bad experiences with missing items in almost every order,", "topic": "items", "sentiment_text": "[\"items\"]"}}, {"model": "data.aspect", "pk": 127, "fields": {"data": 64, "label": "Customer Services", "sentiment": 0.0, "chunk": "I placed my order at 17:00", "topic": "order", "sentiment_text": "[\"order\"]"}}, {"model": "data.aspect", "pk": 128, "fields": {"data": 64, "label": "Customer Services", "sentiment": 0.0, "chunk": "On your app you mentioned that your experiancing heavy loads of orders", "topic": "orders", "sentiment_text": "[\"orders\"]"}}, {"model": "data.aspect", "pk": 129, "fields": {"data": 64, "label": "Customer Services", "sentiment": -0.895200259624764, "chunk": "I called customer service 3 times and they were very unhelpful.", "topic": "customer service", "sentiment_text": "[\"customer service\"]"}}, {"model": "data.aspect", "pk": 130, "fields": {"data": 64, "label": "Delivery", "sentiment": 0.0, "chunk": "but this is way too late .", "topic": "late", "sentiment_text": "[\"late\"]"}}, {"model": "data.aspect", "pk": 131, "fields": {"data": 64, "label": "Delivery", "sentiment": -0.946976928024447, "chunk": "and there could be some delay in delivery", "topic": "delay", "sentiment_text": "[\"delay\"]"}}, {"model": "data.aspect", "pk": 132, "fields": {"data": 64, "label": "Delivery", "sentiment": -0.946976928024447, "chunk": "and there could be some delay in delivery", "topic": "delivery", "sentiment_text": "[\"delivery\"]"}}, {"model": "data.aspect", "pk": 133, "fields": {"data": 64, "label": "Delivery", "sentiment": -0.895200259624764, "chunk": "I called customer service 3 times and they were very unhelpful.", "topic": "times", "sentiment_text": "[\"unhelpful\"]"}}, {"model": "data.aspect", "pk": 134, "fields": {"data": 64, "label": "Technology", "sentiment": 0.0, "chunk": "On your app you mentioned that your experiancing heavy loads of orders", "topic": "app", "sentiment_text": "[\"app\"]"}}, {"model": "data.aspect", "pk": 135, "fields": {"data": 65, "label": "Convenience", "sentiment": 0.975, "chunk": "very easy website & app", "topic": "easy", "sentiment_text": "[\"easy\"]"}}, {"model": "data.aspect", "pk": 136, "fields": {"data": 65, "label": "Customer Services", "sentiment": 0.957505493519687, "chunk": "great timing & professional delivery representative.", "topic": "professional", "sentiment_text": "[\"professional\"]"}}, {"model": "data.aspect", "pk": 137, "fields": {"data": 65, "label": "Customer Services", "sentiment": 0.975, "chunk": "great service.", "topic": "service", "sentiment_text": "[\"great\"]"}}, {"model": "data.aspect", "pk": 138, "fields": {"data": 65, "label": "Delivery", "sentiment": 0.957505493519687, "chunk": "great timing & professional delivery representative.", "topic": "timing", "sentiment_text": "[\"great\"]"}}, {"model": "data.aspect", "pk": 139, "fields": {"data": 65, "label": "Delivery", "sentiment": 0.957505493519687, "chunk": "great timing & professional delivery representative.", "topic": "delivery", "sentiment_text": "[\"delivery\"]"}}, {"model": "data.aspect", "pk": 140, "fields": {"data": 65, "label": "Technology", "sentiment": 0.975, "chunk": "very easy website & app", "topic": "website", "sentiment_text": "[\"website\"]"}}, {"model": "data.aspect", "pk": 141, "fields": {"data": 65, "label": "Technology", "sentiment": 0.975, "chunk": "very easy website & app", "topic": "app", "sentiment_text": "[\"app\"]"}}, {"model": "data.aspect", "pk": 142, "fields": {"data": 66, "label": "Customer Services", "sentiment": 0.975, "chunk": "Professional", "topic": "professional", "sentiment_text": "[\"professional\"]"}}, {"model": "data.aspect", "pk": 143, "fields": {"data": 67, "label": "Product/Promotion", "sentiment": 0.0, "chunk": "although given offer was 3 for 2", "topic": "offer", "sentiment_text": "[\"offer\"]"}}, {"model": "data.aspect", "pk": 144, "fields": {"data": 67, "label": "Product/Promotion", "sentiment": 0.0, "chunk": "I did not receive the offer I had applied.", "topic": "offer", "sentiment_text": "[\"offer\"]"}}, {"model": "data.aspect", "pk": 145, "fields": {"data": 68, "label": "Delivery", "sentiment": 0.966963268122045, "chunk": "Deliver on time specified please.", "topic": "deliver", "sentiment_text": "[\"on\"]"}}, {"model": "data.aspect", "pk": 146, "fields": {"data": 68, "label": "Delivery", "sentiment": 0.966963268122045, "chunk": "Deliver on time specified please.", "topic": "time", "sentiment_text": "[\"time\"]"}}, {"model": "data.aspect", "pk": 147, "fields": {"data": 69, "label": "Delivery", "sentiment": 0.975, "chunk": "punctual delivery", "topic": "punctual", "sentiment_text": "[\"punctual\"]"}}, {"model": "data.aspect", "pk": 148, "fields": {"data": 69, "label": "Delivery", "sentiment": 0.975, "chunk": "punctual delivery", "topic": "delivery", "sentiment_text": "[\"delivery\"]"}}, {"model": "data.aspect", "pk": 149, "fields": {"data": 69, "label": "Product/Promotion", "sentiment": 0.966963268122045, "chunk": "and all Alnahdi products are excellent", "topic": "products", "sentiment_text": "[\"excellent\"]"}}, {"model": "data.aspect", "pk": 150, "fields": {"data": 70, "label": "Technology", "sentiment": -0.975, "chunk": "need to improve mobile application", "topic": "application", "sentiment_text": "[\"need\"]"}}, {"model": "data.aspect", "pk": 151, "fields": {"data": 71, "label": "Customer Services", "sentiment": 0.0, "chunk": "Service \r\nSimplicity for ordering", "topic": "ordering", "sentiment_text": "[\"ordering\"]"}}, {"model": "data.aspect", "pk": 152, "fields": {"data": 71, "label": "Technology", "sentiment": 0.0, "chunk": "and exploring the website\r\nCleanliness", "topic": "website", "sentiment_text": "[\"website\"]"}}, {"model": "data.aspect", "pk": 153, "fields": {"data": 71, "label": "staff", "sentiment": 0.0, "chunk": "Service \r\nSimplicity for ordering", "topic": "Service Simplicity", "sentiment_text": "[\"Service Simplicity\"]"}}, {"model": "data.aspect", "pk": 154, "fields": {"data": 72, "label": "Customer Services", "sentiment": 0.0, "chunk": "All of services", "topic": "services", "sentiment_text": "[\"services\"]"}}, {"model": "data.aspect", "pk": 155, "fields": {"data": 73, "label": "Company", "sentiment": 0.975, "chunk": "Great job \ud83d\udc4d", "topic": "job", "sentiment_text": "[\"Great\", \"\\ud83d\\udc4d\"]"}}, {"model": "data.aspect", "pk": 156, "fields": {"data": 74, "label": "Customer Services", "sentiment": 0.975, "chunk": "Deliver the orders on time", "topic": "orders", "sentiment_text": "[\"on\"]"}}, {"model": "data.aspect", "pk": 157, "fields": {"data": 74, "label": "Delivery", "sentiment": 0.975, "chunk": "Deliver the orders on time", "topic": "deliver", "sentiment_text": "[\"deliver\"]"}}, {"model": "data.aspect", "pk": 158, "fields": {"data": 74, "label": "Delivery", "sentiment": 0.975, "chunk": "Deliver the orders on time", "topic": "time", "sentiment_text": "[\"time\"]"}}, {"model": "data.aspect", "pk": 159, "fields": {"data": 75, "label": "Customer Services", "sentiment": 0.0, "chunk": "I ordered at 5pm my delivery came at 12:30am", "topic": "ordered", "sentiment_text": "[\"ordered\"]"}}, {"model": "data.aspect", "pk": 160, "fields": {"data": 75, "label": "Delivery", "sentiment": 0.0, "chunk": "I ordered at 5pm my delivery came at 12:30am", "topic": "delivery", "sentiment_text": "[\"delivery\"]"}}, {"model": "data.aspect", "pk": 161, "fields": {"data": 76, "label": "Convenience", "sentiment": 0.957505493519687, "chunk": "The app is very easy to use", "topic": "easy", "sentiment_text": "[\"easy\"]"}}, {"model": "data.aspect", "pk": 162, "fields": {"data": 76, "label": "Delivery", "sentiment": 0.0, "chunk": "and delivery comes in time", "topic": "delivery", "sentiment_text": "[\"delivery\"]"}}, {"model": "data.aspect", "pk": 163, "fields": {"data": 76, "label": "Delivery", "sentiment": 0.0, "chunk": "and delivery comes in time", "topic": "time", "sentiment_text": "[\"time\"]"}}, {"model": "data.aspect", "pk": 164, "fields": {"data": 76, "label": "Technology", "sentiment": 0.957505493519687, "chunk": "The app is very easy to use", "topic": "app", "sentiment_text": "[\"app\"]"}}, {"model": "data.aspect", "pk": 165, "fields": {"data": 77, "label": "Product/Promotion", "sentiment": 0.0, "chunk": "The availability of the medications I need", "topic": "availability", "sentiment_text": "[\"availability\"]"}}, {"model": "data.aspect", "pk": 166, "fields": {"data": 78, "label": "Customer Services", "sentiment": 0.0, "chunk": "but my brother ordered something and he received it within an hour.", "topic": "ordered", "sentiment_text": "[\"ordered\"]"}}, {"model": "data.aspect", "pk": 167, "fields": {"data": 78, "label": "Customer Services", "sentiment": 0.0, "chunk": "I ordered three earings but I received only one, although it was charged only for one but I ordered three to get the buy 2 get one offer.", "topic": "ordered", "sentiment_text": "[\"ordered\"]"}}, {"model": "data.aspect", "pk": 168, "fields": {"data": 78, "label": "Customer Services", "sentiment": 0.0, "chunk": "I ordered three earings but I received only one, although it was charged only for one but I ordered three to get the buy 2 get one offer.", "topic": "ordered", "sentiment_text": "[\"ordered\"]"}}, {"model": "data.aspect", "pk": 169, "fields": {"data": 78, "label": "Delivery", "sentiment": -0.836233373666989, "chunk": "I understand the curfew is imposed and it could take some delays on delivery but I was received it after 8 hours", "topic": "delays", "sentiment_text": "[\"imposed\"]"}}, {"model": "data.aspect", "pk": 170, "fields": {"data": 78, "label": "Delivery", "sentiment": -0.836233373666989, "chunk": "I understand the curfew is imposed and it could take some delays on delivery but I was received it after 8 hours", "topic": "delivery", "sentiment_text": "[\"delivery\"]"}}, {"model": "data.aspect", "pk": 171, "fields": {"data": 78, "label": "Product/Promotion", "sentiment": 0.0, "chunk": "I ordered three earings but I received only one, although it was charged only for one but I ordered three to get the buy 2 get one offer.", "topic": "offer", "sentiment_text": "[\"offer\"]"}}, {"model": "data.aspect", "pk": 172, "fields": {"data": 79, "label": "Product/Promotion", "sentiment": 0.0, "chunk": "Accuracy of every thing", "topic": "accuracy", "sentiment_text": "[\"accuracy\"]"}}, {"model": "data.aspect", "pk": 173, "fields": {"data": 80, "label": "Product/Promotion", "sentiment": 0.975, "chunk": "Great offers", "topic": "offers", "sentiment_text": "[\"Great\"]"}}, {"model": "data.aspect", "pk": 174, "fields": {"data": 81, "label": "Customer Services", "sentiment": 0.0, "chunk": "So we can order any item from the website not only the available in the store.", "topic": "order", "sentiment_text": "[\"order\"]"}}, {"model": "data.aspect", "pk": 175, "fields": {"data": 81, "label": "Delivery", "sentiment": 0.0, "chunk": "If you can deliver items from the store,", "topic": "deliver", "sentiment_text": "[\"deliver\"]"}}, {"model": "data.aspect", "pk": 176, "fields": {"data": 81, "label": "Delivery", "sentiment": 0.0, "chunk": "If you can deliver items from the store,", "topic": "items", "sentiment_text": "[\"items\"]"}}, {"model": "data.aspect", "pk": 177, "fields": {"data": 81, "label": "Product/Promotion", "sentiment": 0.0, "chunk": "So we can order any item from the website not only the available in the store.", "topic": "available", "sentiment_text": "[\"available\"]"}}, {"model": "data.aspect", "pk": 178, "fields": {"data": 81, "label": "Technology", "sentiment": 0.0, "chunk": "So we can order any item from the website not only the available in the store.", "topic": "website", "sentiment_text": "[\"website\"]"}}, {"model": "data.aspect", "pk": 179, "fields": {"data": 82, "label": "Delivery", "sentiment": -0.864315813539576, "chunk": "Didn\u2019t deliver on time and didn\u2019t notify or call to to apologize or reschedule", "topic": "deliver", "sentiment_text": "[\"on\"]"}}, {"model": "data.aspect", "pk": 180, "fields": {"data": 82, "label": "Delivery", "sentiment": -0.864315813539576, "chunk": "Didn\u2019t deliver on time and didn\u2019t notify or call to to apologize or reschedule", "topic": "time", "sentiment_text": "[\"time\"]"}}, {"model": "data.aspect", "pk": 181, "fields": {"data": 83, "label": "Customer Services", "sentiment": 0.975, "chunk": "Good service and on time", "topic": "service", "sentiment_text": "[\"Good\", \"on\"]"}}, {"model": "data.aspect", "pk": 182, "fields": {"data": 83, "label": "Delivery", "sentiment": 0.975, "chunk": "Good service and on time", "topic": "time", "sentiment_text": "[\"time\"]"}}, {"model": "data.aspect", "pk": 183, "fields": {"data": 84, "label": "Customer Services", "sentiment": 0.975, "chunk": "Very perfect team", "topic": "team", "sentiment_text": "[\"perfect\"]"}}, {"model": "data.aspect", "pk": 184, "fields": {"data": 85, "label": "Customer Services", "sentiment": -0.935427514377342, "chunk": "I got one thing missing in my order.", "topic": "order", "sentiment_text": "[\"missing\"]"}}, {"model": "data.aspect", "pk": 185, "fields": {"data": 86, "label": "Customer Services", "sentiment": 0.975, "chunk": "professional service", "topic": "professional", "sentiment_text": "[\"professional\"]"}}, {"model": "data.aspect", "pk": 186, "fields": {"data": 86, "label": "Customer Services", "sentiment": 0.975, "chunk": "professional service", "topic": "service", "sentiment_text": "[\"service\"]"}}, {"model": "data.aspect", "pk": 187, "fields": {"data": 87, "label": "Delivery", "sentiment": -0.975, "chunk": "but unfortunately not on time.", "topic": "time", "sentiment_text": "[\"on\", \"unfortunately\"]"}}, {"model": "data.aspect", "pk": 188, "fields": {"data": 87, "label": "Delivery", "sentiment": 0.966963268122045, "chunk": "the delivery was so fast!", "topic": "delivery", "sentiment_text": "[\"so\"]"}}, {"model": "data.aspect", "pk": 189, "fields": {"data": 88, "label": "Product/Promotion", "sentiment": 0.0, "chunk": "Offers specially for all baby needs", "topic": "offers", "sentiment_text": "[\"offers\"]"}}, {"model": "data.aspect", "pk": 190, "fields": {"data": 89, "label": "Delivery", "sentiment": 0.975, "chunk": "More accurate delivery scedule.", "topic": "delivery", "sentiment_text": "[\"delivery\"]"}}, {"model": "data.aspect", "pk": 191, "fields": {"data": 89, "label": "Product/Promotion", "sentiment": 0.975, "chunk": "More accurate delivery scedule.", "topic": "accurate", "sentiment_text": "[\"accurate\"]"}}, {"model": "data.aspect", "pk": 192, "fields": {"data": 90, "label": "Company", "sentiment": 0.927220385368714, "chunk": "If order accepted this is Al Nahdi responsibility to deliver in same price.", "topic": "nahdi", "sentiment_text": "[\"responsibility\"]"}}, {"model": "data.aspect", "pk": 193, "fields": {"data": 90, "label": "Customer Services", "sentiment": 0.927220385368714, "chunk": "If order accepted this is Al Nahdi responsibility to deliver in same price.", "topic": "order", "sentiment_text": "[\"accepted\"]"}}, {"model": "data.aspect", "pk": 194, "fields": {"data": 90, "label": "Delivery", "sentiment": 0.0, "chunk": "Some of items price change & they want to pay through additional cash.", "topic": "items", "sentiment_text": "[\"items\"]"}}, {"model": "data.aspect", "pk": 195, "fields": {"data": 90, "label": "Delivery", "sentiment": 0.927220385368714, "chunk": "If order accepted this is Al Nahdi responsibility to deliver in same price.", "topic": "deliver", "sentiment_text": "[\"deliver\"]"}}, {"model": "data.aspect", "pk": 196, "fields": {"data": 90, "label": "Prices", "sentiment": 0.0, "chunk": "Some of items price change & they want to pay through additional cash.", "topic": "price", "sentiment_text": "[\"price\"]"}}, {"model": "data.aspect", "pk": 197, "fields": {"data": 90, "label": "Prices", "sentiment": 0.927220385368714, "chunk": "If order accepted this is Al Nahdi responsibility to deliver in same price.", "topic": "price", "sentiment_text": "[\"price\"]"}}, {"model": "data.aspect", "pk": 198, "fields": {"data": 90, "label": "staff", "sentiment": 0.927220385368714, "chunk": "If order accepted this is Al Nahdi responsibility to deliver in same price.", "topic": "Al", "sentiment_text": "[\"Al\"]"}}, {"model": "data.aspect", "pk": 199, "fields": {"data": 91, "label": "Customer Services", "sentiment": -0.880124674499946, "chunk": "Your delivery staff shouldn't be noisy with the cars horn at the door", "topic": "staff", "sentiment_text": "[\"shouldn't\", \"noisy\"]"}}, {"model": "data.aspect", "pk": 200, "fields": {"data": 91, "label": "Delivery", "sentiment": -0.880124674499946, "chunk": "Your delivery staff shouldn't be noisy with the cars horn at the door", "topic": "delivery", "sentiment_text": "[\"delivery\"]"}}, {"model": "data.aspect", "pk": 201, "fields": {"data": 92, "label": "Customer Services", "sentiment": -0.957505493519687, "chunk": "and the 2nd the driver is unprofessional", "topic": "driver", "sentiment_text": "[\"unprofessional\"]"}}, {"model": "data.aspect", "pk": 202, "fields": {"data": 92, "label": "Customer Services", "sentiment": 0.0, "chunk": "The 1st order is not delivery yet", "topic": "order", "sentiment_text": "[\"order\"]"}}, {"model": "data.aspect", "pk": 203, "fields": {"data": 92, "label": "Delivery", "sentiment": 0.0, "chunk": "The 1st order is not delivery yet", "topic": "delivery", "sentiment_text": "[\"delivery\"]"}}, {"model": "data.aspect", "pk": 204, "fields": {"data": 93, "label": "Delivery", "sentiment": -0.935427514377342, "chunk": "I called you like 8 times with no help", "topic": "times", "sentiment_text": "[\"help\"]"}}, {"model": "data.aspect", "pk": 205, "fields": {"data": 93, "label": "Delivery", "sentiment": -0.922910556288075, "chunk": "Item wasn't delivered and you didn't pay me back,", "topic": "delivered", "sentiment_text": "[\"didn't\"]"}}, {"model": "data.aspect", "pk": 206, "fields": {"data": 94, "label": "Company", "sentiment": 0.975, "chunk": "Thank you al nahdi", "topic": "thank", "sentiment_text": "[\"thank\"]"}}, {"model": "data.aspect", "pk": 207, "fields": {"data": 94, "label": "Company", "sentiment": 0.975, "chunk": "Thank you al nahdi", "topic": "nahdi", "sentiment_text": "[\"nahdi\"]"}}, {"model": "data.aspect", "pk": 208, "fields": {"data": 94, "label": "Company", "sentiment": 0.0, "chunk": "Everything really.", "topic": "everything", "sentiment_text": "[\"everything\"]"}}, {"model": "data.aspect", "pk": 209, "fields": {"data": 95, "label": "Delivery", "sentiment": -0.946976928024447, "chunk": "The delivery time was one hour late .", "topic": "delivery time", "sentiment_text": "[\"hour\"]"}}, {"model": "data.aspect", "pk": 210, "fields": {"data": 95, "label": "Delivery", "sentiment": -0.946976928024447, "chunk": "The delivery time was one hour late .", "topic": "late", "sentiment_text": "[\"late\"]"}}, {"model": "data.aspect", "pk": 211, "fields": {"data": 96, "label": "Customer Services", "sentiment": -0.909482091567474, "chunk": "My order not delivered on time I didn\u2019t receive any email", "topic": "order", "sentiment_text": "[\"order\"]"}}, {"model": "data.aspect", "pk": 212, "fields": {"data": 96, "label": "Delivery", "sentiment": -0.864315813539576, "chunk": "or msg regarding the delay I had to open my account regularly for update", "topic": "delay", "sentiment_text": "[\"delay\"]"}}, {"model": "data.aspect", "pk": 213, "fields": {"data": 96, "label": "Delivery", "sentiment": -0.909482091567474, "chunk": "My order not delivered on time I didn\u2019t receive any email", "topic": "delivered", "sentiment_text": "[\"on\"]"}}, {"model": "data.aspect", "pk": 214, "fields": {"data": 96, "label": "Delivery", "sentiment": -0.909482091567474, "chunk": "My order not delivered on time I didn\u2019t receive any email", "topic": "time", "sentiment_text": "[\"time\"]"}}, {"model": "data.aspect", "pk": 215, "fields": {"data": 97, "label": "Customer Services", "sentiment": 0.975, "chunk": "Professional - fast - on time - accurate", "topic": "professional", "sentiment_text": "[\"on\"]"}}, {"model": "data.aspect", "pk": 216, "fields": {"data": 97, "label": "Delivery", "sentiment": 0.975, "chunk": "Professional - fast - on time - accurate", "topic": "time", "sentiment_text": "[\"time\"]"}}, {"model": "data.aspect", "pk": 217, "fields": {"data": 97, "label": "Product/Promotion", "sentiment": 0.975, "chunk": "Professional - fast - on time - accurate", "topic": "accurate", "sentiment_text": "[\"accurate\"]"}}, {"model": "data.aspect", "pk": 218, "fields": {"data": 98, "label": "Company", "sentiment": 0.0, "chunk": "Professionalism in everything", "topic": "everything", "sentiment_text": "[\"everything\"]"}}, {"model": "data.aspect", "pk": 219, "fields": {"data": 98, "label": "Customer Services", "sentiment": 0.0, "chunk": "Professionalism in everything", "topic": "professionalism", "sentiment_text": "[\"professionalism\"]"}}, {"model": "data.aspect", "pk": 220, "fields": {"data": 99, "label": "Company", "sentiment": 0.975, "chunk": "Thank you very good", "topic": "thank", "sentiment_text": "[\"good\"]"}}, {"model": "data.aspect", "pk": 221, "fields": {"data": 100, "label": "Customer Services", "sentiment": 0.0, "chunk": "Service and delivery procedure", "topic": "service", "sentiment_text": "[\"service\"]"}}, {"model": "data.aspect", "pk": 222, "fields": {"data": 100, "label": "Delivery", "sentiment": 0.0, "chunk": "Service and delivery procedure", "topic": "delivery", "sentiment_text": "[\"delivery\"]"}}, {"model": "data.aspect", "pk": 223, "fields": {"data": 101, "label": "Product/Promotion", "sentiment": 0.658607202604919, "chunk": "Product categories and subcategories need to be sorted better ( when filtering for moisturizer I get things that are not moisturizers, for example)", "topic": "product", "sentiment_text": "[\"better\"]"}}, {"model": "data.aspect", "pk": 224, "fields": {"data": 102, "label": "Company", "sentiment": 0.0, "chunk": "This kind of blind checking by Nahdi staff is not expected.", "topic": "nahdi", "sentiment_text": "[\"nahdi\"]"}}, {"model": "data.aspect", "pk": 225, "fields": {"data": 102, "label": "Customer Services", "sentiment": 0.0, "chunk": "In fact my online profile still shows that my ordered was delivered including the two missing items.", "topic": "ordered", "sentiment_text": "[\"ordered\"]"}}, {"model": "data.aspect", "pk": 226, "fields": {"data": 102, "label": "Customer Services", "sentiment": 0.0, "chunk": "This kind of blind checking by Nahdi staff is not expected.", "topic": "staff", "sentiment_text": "[\"staff\"]"}}, {"model": "data.aspect", "pk": 227, "fields": {"data": 102, "label": "Customer Services", "sentiment": 0.0, "chunk": "The guy who is sealing the bag should first check if all ordered/charged items  are there in the bag in exact quantities.", "topic": "ordered", "sentiment_text": "[\"ordered\"]"}}, {"model": "data.aspect", "pk": 228, "fields": {"data": 102, "label": "Customer Services", "sentiment": 0.0, "chunk": "Two items which were shown to be available when I ordered,", "topic": "ordered", "sentiment_text": "[\"ordered\"]"}}, {"model": "data.aspect", "pk": 229, "fields": {"data": 102, "label": "Customer Services", "sentiment": -0.822665143399963, "chunk": "were not sent and no intimation or apology that those items are not available and we are excluding those from my order.", "topic": "order", "sentiment_text": "[\"order\"]"}}, {"model": "data.aspect", "pk": 230, "fields": {"data": 102, "label": "Customer Services", "sentiment": 0.0, "chunk": "Another issue that I ordered 2 pieces of Labelo chapstick and I only received one and I was also charged for two pieces.", "topic": "ordered", "sentiment_text": "[\"ordered\"]"}}, {"model": "data.aspect", "pk": 231, "fields": {"data": 102, "label": "Delivery", "sentiment": 0.0, "chunk": "In fact my online profile still shows that my ordered was delivered including the two missing items.", "topic": "delivered", "sentiment_text": "[\"delivered\"]"}}, {"model": "data.aspect", "pk": 232, "fields": {"data": 102, "label": "Delivery", "sentiment": 0.0, "chunk": "In fact my online profile still shows that my ordered was delivered including the two missing items.", "topic": "items", "sentiment_text": "[\"items\"]"}}, {"model": "data.aspect", "pk": 233, "fields": {"data": 102, "label": "Delivery", "sentiment": 0.0, "chunk": "The guy who is sealing the bag should first check if all ordered/charged items  are there in the bag in exact quantities.", "topic": "items", "sentiment_text": "[\"items\"]"}}, {"model": "data.aspect", "pk": 234, "fields": {"data": 102, "label": "Delivery", "sentiment": 0.0, "chunk": "Two items which were shown to be available when I ordered,", "topic": "items", "sentiment_text": "[\"items\"]"}}, {"model": "data.aspect", "pk": 235, "fields": {"data": 102, "label": "Delivery", "sentiment": -0.822665143399963, "chunk": "were not sent and no intimation or apology that those items are not available and we are excluding those from my order.", "topic": "items", "sentiment_text": "[\"not\"]"}}, {"model": "data.aspect", "pk": 236, "fields": {"data": 102, "label": "Product/Promotion", "sentiment": 0.0, "chunk": "Two items which were shown to be available when I ordered,", "topic": "available", "sentiment_text": "[\"available\"]"}}, {"model": "data.aspect", "pk": 237, "fields": {"data": 102, "label": "Product/Promotion", "sentiment": -0.822665143399963, "chunk": "were not sent and no intimation or apology that those items are not available and we are excluding those from my order.", "topic": "available", "sentiment_text": "[\"excluding\"]"}}, {"model": "data.aspect", "pk": 238, "fields": {"data": 102, "label": "Technology", "sentiment": 0.0, "chunk": "In fact my online profile still shows that my ordered was delivered including the two missing items.", "topic": "online", "sentiment_text": "[\"online\"]"}}, {"model": "data.aspect", "pk": 239, "fields": {"data": 103, "label": "staff", "sentiment": 0.0, "chunk": "Nabil", "topic": "Nabil", "sentiment_text": "[\"Nabil\"]"}}, {"model": "data.aspect", "pk": 240, "fields": {"data": 104, "label": "Customer Services", "sentiment": 0.975, "chunk": "Excellent delivery staff", "topic": "staff", "sentiment_text": "[\"staff\"]"}}, {"model": "data.aspect", "pk": 241, "fields": {"data": 104, "label": "Delivery", "sentiment": 0.975, "chunk": "Excellent delivery staff", "topic": "delivery", "sentiment_text": "[\"Excellent\"]"}}, {"model": "data.aspect", "pk": 242, "fields": {"data": 105, "label": "Customer Services", "sentiment": 0.0, "chunk": "the quality of service & availability of wide range of products.", "topic": "service", "sentiment_text": "[\"service\"]"}}, {"model": "data.aspect", "pk": 243, "fields": {"data": 105, "label": "Product Quality", "sentiment": 0.0, "chunk": "the quality of service & availability of wide range of products.", "topic": "quality", "sentiment_text": "[\"quality\"]"}}, {"model": "data.aspect", "pk": 244, "fields": {"data": 105, "label": "Product/Promotion", "sentiment": 0.0, "chunk": "the quality of service & availability of wide range of products.", "topic": "availability", "sentiment_text": "[\"availability\"]"}}, {"model": "data.aspect", "pk": 245, "fields": {"data": 105, "label": "Product/Promotion", "sentiment": 0.0, "chunk": "the quality of service & availability of wide range of products.", "topic": "products", "sentiment_text": "[\"products\"]"}}, {"model": "data.aspect", "pk": 246, "fields": {"data": 106, "label": "Company", "sentiment": 0.975, "chunk": "Everything went smooth", "topic": "everything", "sentiment_text": "[\"smooth\"]"}}, {"model": "data.aspect", "pk": 247, "fields": {"data": 106, "label": "Delivery", "sentiment": 0.957505493519687, "chunk": "and delivery was better than expected.", "topic": "delivery", "sentiment_text": "[\"better\"]"}}, {"model": "data.aspect", "pk": 248, "fields": {"data": 107, "label": "Delivery", "sentiment": 0.0, "chunk": "24/7 delivery.", "topic": "delivery", "sentiment_text": "[\"delivery\"]"}}, {"model": "data.aspect", "pk": 249, "fields": {"data": 107, "label": "Delivery", "sentiment": 0.0, "chunk": "Quicker delivery.", "topic": "delivery", "sentiment_text": "[\"delivery\"]"}}, {"model": "data.aspect", "pk": 250, "fields": {"data": 108, "label": "Convenience", "sentiment": 0.975, "chunk": "Variety and accessibility", "topic": "accessibility", "sentiment_text": "[\"accessibility\"]"}}, {"model": "data.aspect", "pk": 251, "fields": {"data": 108, "label": "Product/Promotion", "sentiment": 0.975, "chunk": "Variety and accessibility", "topic": "variety", "sentiment_text": "[\"variety\"]"}}, {"model": "data.aspect", "pk": 252, "fields": {"data": 109, "label": "Company", "sentiment": 0.975, "chunk": "Good job.", "topic": "job", "sentiment_text": "[\"Good\"]"}}, {"model": "data.aspect", "pk": 253, "fields": {"data": 110, "label": "Company", "sentiment": 0.0, "chunk": "Everything except u do not have any vitamine c", "topic": "everything", "sentiment_text": "[\"everything\"]"}}, {"model": "data.aspect", "pk": 254, "fields": {"data": 111, "label": "Company", "sentiment": 0.975, "chunk": "Thank you very much", "topic": "thank", "sentiment_text": "[\"thank\"]"}}, {"model": "data.aspect", "pk": 255, "fields": {"data": 112, "label": "Delivery", "sentiment": 0.0, "chunk": "except adding to the basket it takes a long time to load", "topic": "time", "sentiment_text": "[\"time\"]"}}, {"model": "data.aspect", "pk": 256, "fields": {"data": 112, "label": "Prices", "sentiment": 0.81309520327351, "chunk": "and if I edit the quantity of an item it won`t reflect the right total price.", "topic": "price", "sentiment_text": "[\"right\"]"}}, {"model": "data.aspect", "pk": 257, "fields": {"data": 112, "label": "Technology", "sentiment": 0.0, "chunk": "I think the app need programming fixes.", "topic": "app", "sentiment_text": "[\"app\"]"}}, {"model": "data.aspect", "pk": 258, "fields": {"data": 113, "label": "Delivery", "sentiment": 0.0, "chunk": "Honestly, i care about fast delivery #1 and u did that.", "topic": "delivery", "sentiment_text": "[\"delivery\"]"}}, {"model": "data.aspect", "pk": 259, "fields": {"data": 114, "label": "Delivery", "sentiment": 0.0, "chunk": "Make certain items more than 1 only to purchase", "topic": "items", "sentiment_text": "[\"items\"]"}}, {"model": "data.aspect", "pk": 260, "fields": {"data": 115, "label": "Company", "sentiment": 0.952595570897331, "chunk": "Recommend 100% the best service I got from any company.", "topic": "company", "sentiment_text": "[\"Recommend\"]"}}, {"model": "data.aspect", "pk": 261, "fields": {"data": 115, "label": "Customer Services", "sentiment": 0.0, "chunk": "all the products I ordered were there ,", "topic": "ordered", "sentiment_text": "[\"ordered\"]"}}, {"model": "data.aspect", "pk": 262, "fields": {"data": 115, "label": "Customer Services", "sentiment": 0.952595570897331, "chunk": "Recommend 100% the best service I got from any company.", "topic": "service", "sentiment_text": "[\"best\"]"}}, {"model": "data.aspect", "pk": 263, "fields": {"data": 115, "label": "Delivery", "sentiment": 0.0, "chunk": "It cane before the given time ,", "topic": "time", "sentiment_text": "[\"time\"]"}}, {"model": "data.aspect", "pk": 264, "fields": {"data": 115, "label": "Product/Promotion", "sentiment": 0.0, "chunk": "all the products I ordered were there ,", "topic": "products", "sentiment_text": "[\"products\"]"}}, {"model": "data.aspect", "pk": 265, "fields": {"data": 116, "label": "Delivery", "sentiment": 0.0, "chunk": "Quick delivery,", "topic": "delivery", "sentiment_text": "[\"delivery\"]"}}, {"model": "data.aspect", "pk": 266, "fields": {"data": 116, "label": "Delivery", "sentiment": 0.0, "chunk": "no delivery fees,", "topic": "delivery", "sentiment_text": "[\"delivery\"]"}}, {"model": "data.aspect", "pk": 267, "fields": {"data": 116, "label": "Prices", "sentiment": 0.0, "chunk": "no COD fees,", "topic": "fees", "sentiment_text": "[\"fees\"]"}}, {"model": "data.aspect", "pk": 268, "fields": {"data": 116, "label": "Prices", "sentiment": 0.0, "chunk": "no delivery fees,", "topic": "fees", "sentiment_text": "[\"fees\"]"}}, {"model": "data.aspect", "pk": 269, "fields": {"data": 116, "label": "staff", "sentiment": 0.0, "chunk": "no COD fees,", "topic": "COD", "sentiment_text": "[\"COD\"]"}}, {"model": "data.aspect", "pk": 270, "fields": {"data": 117, "label": "Company", "sentiment": 0.975, "chunk": "I love everything", "topic": "everything", "sentiment_text": "[\"love\"]"}}, {"model": "data.aspect", "pk": 271, "fields": {"data": 117, "label": "Prices", "sentiment": 0.0, "chunk": "but please have more discounts \ud83d\ude48 like not just 50% for the second item.", "topic": "discounts", "sentiment_text": "[\"discounts\"]"}}, {"model": "data.aspect", "pk": 272, "fields": {"data": 117, "label": "Product/Promotion", "sentiment": 0.0, "chunk": "and the products that you brings too...", "topic": "products", "sentiment_text": "[\"products\"]"}}, {"model": "data.aspect", "pk": 273, "fields": {"data": 118, "label": "Delivery", "sentiment": 0.975, "chunk": "Be on time", "topic": "time", "sentiment_text": "[\"on\"]"}}, {"model": "data.aspect", "pk": 274, "fields": {"data": 119, "label": "Delivery", "sentiment": 0.0, "chunk": "Home delivery \r\nOffers", "topic": "delivery", "sentiment_text": "[\"delivery\"]"}}, {"model": "data.aspect", "pk": 275, "fields": {"data": 120, "label": "Company", "sentiment": 0.975, "chunk": "Thank You", "topic": "thank", "sentiment_text": "[\"thank\"]"}}, {"model": "data.aspect", "pk": 276, "fields": {"data": 121, "label": "Company", "sentiment": 0.975, "chunk": "Thanks!", "topic": "thanks", "sentiment_text": "[\"thanks\"]"}}, {"model": "data.aspect", "pk": 277, "fields": {"data": 121, "label": "Company", "sentiment": 0.0, "chunk": "but already available to be picked from the pharmacy like a glucose measuring device!", "topic": "pharmacy", "sentiment_text": "[\"pharmacy\"]"}}, {"model": "data.aspect", "pk": 278, "fields": {"data": 121, "label": "Delivery", "sentiment": -0.946976928024447, "chunk": "Some items were not available for home delivery", "topic": "items", "sentiment_text": "[\"not\"]"}}, {"model": "data.aspect", "pk": 279, "fields": {"data": 121, "label": "Delivery", "sentiment": -0.946976928024447, "chunk": "Some items were not available for home delivery", "topic": "delivery", "sentiment_text": "[\"delivery\"]"}}, {"model": "data.aspect", "pk": 280, "fields": {"data": 121, "label": "Delivery", "sentiment": 0.0, "chunk": "Very late delivery specially that the product was an inhalation product that requires in-time dosing.", "topic": "late", "sentiment_text": "[\"late\"]"}}, {"model": "data.aspect", "pk": 281, "fields": {"data": 121, "label": "Delivery", "sentiment": 0.0, "chunk": "Very late delivery specially that the product was an inhalation product that requires in-time dosing.", "topic": "delivery", "sentiment_text": "[\"delivery\"]"}}, {"model": "data.aspect", "pk": 282, "fields": {"data": 121, "label": "Product/Promotion", "sentiment": -0.946976928024447, "chunk": "Some items were not available for home delivery", "topic": "available", "sentiment_text": "[\"available\"]"}}, {"model": "data.aspect", "pk": 283, "fields": {"data": 121, "label": "Product/Promotion", "sentiment": 0.0, "chunk": "but already available to be picked from the pharmacy like a glucose measuring device!", "topic": "available", "sentiment_text": "[\"available\"]"}}, {"model": "data.aspect", "pk": 284, "fields": {"data": 121, "label": "Product/Promotion", "sentiment": 0.0, "chunk": "Very late delivery specially that the product was an inhalation product that requires in-time dosing.", "topic": "product", "sentiment_text": "[\"product\"]"}}, {"model": "data.aspect", "pk": 285, "fields": {"data": 121, "label": "Product/Promotion", "sentiment": 0.0, "chunk": "Very late delivery specially that the product was an inhalation product that requires in-time dosing.", "topic": "product", "sentiment_text": "[\"product\"]"}}, {"model": "data.aspect", "pk": 286, "fields": {"data": 121, "label": "Technology", "sentiment": 0.0, "chunk": "but already available to be picked from the pharmacy like a glucose measuring device!", "topic": "device", "sentiment_text": "[\"device\"]"}}, {"model": "auth.permission", "pk": 1, "fields": {"name": "Can add log entry", "content_type": 1, "codename": "add_logentry"}}, {"model": "auth.permission", "pk": 2, "fields": {"name": "Can change log entry", "content_type": 1, "codename": "change_logentry"}}, {"model": "auth.permission", "pk": 3, "fields": {"name": "Can delete log entry", "content_type": 1, "codename": "delete_logentry"}}, {"model": "auth.permission", "pk": 4, "fields": {"name": "Can add permission", "content_type": 2, "codename": "add_permission"}}, {"model": "auth.permission", "pk": 5, "fields": {"name": "Can change permission", "content_type": 2, "codename": "change_permission"}}, {"model": "auth.permission", "pk": 6, "fields": {"name": "Can delete permission", "content_type": 2, "codename": "delete_permission"}}, {"model": "auth.permission", "pk": 7, "fields": {"name": "Can add group", "content_type": 3, "codename": "add_group"}}, {"model": "auth.permission", "pk": 8, "fields": {"name": "Can change group", "content_type": 3, "codename": "change_group"}}, {"model": "auth.permission", "pk": 9, "fields": {"name": "Can delete group", "content_type": 3, "codename": "delete_group"}}, {"model": "auth.permission", "pk": 10, "fields": {"name": "Can add user", "content_type": 4, "codename": "add_user"}}, {"model": "auth.permission", "pk": 11, "fields": {"name": "Can change user", "content_type": 4, "codename": "change_user"}}, {"model": "auth.permission", "pk": 12, "fields": {"name": "Can delete user", "content_type": 4, "codename": "delete_user"}}, {"model": "auth.permission", "pk": 13, "fields": {"name": "Can add content type", "content_type": 5, "codename": "add_contenttype"}}, {"model": "auth.permission", "pk": 14, "fields": {"name": "Can change content type", "content_type": 5, "codename": "change_contenttype"}}, {"model": "auth.permission", "pk": 15, "fields": {"name": "Can delete content type", "content_type": 5, "codename": "delete_contenttype"}}, {"model": "auth.permission", "pk": 16, "fields": {"name": "Can add session", "content_type": 6, "codename": "add_session"}}, {"model": "auth.permission", "pk": 17, "fields": {"name": "Can change session", "content_type": 6, "codename": "change_session"}}, {"model": "auth.permission", "pk": 18, "fields": {"name": "Can delete session", "content_type": 6, "codename": "delete_session"}}, {"model": "auth.permission", "pk": 19, "fields": {"name": "Can add project", "content_type": 7, "codename": "add_project"}}, {"model": "auth.permission", "pk": 20, "fields": {"name": "Can change project", "content_type": 7, "codename": "change_project"}}, {"model": "auth.permission", "pk": 21, "fields": {"name": "Can delete project", "content_type": 7, "codename": "delete_project"}}, {"model": "auth.permission", "pk": 22, "fields": {"name": "Can add data", "content_type": 8, "codename": "add_data"}}, {"model": "auth.permission", "pk": 23, "fields": {"name": "Can change data", "content_type": 8, "codename": "change_data"}}, {"model": "auth.permission", "pk": 24, "fields": {"name": "Can delete data", "content_type": 8, "codename": "delete_data"}}, {"model": "auth.permission", "pk": 25, "fields": {"name": "Can add aspect", "content_type": 9, "codename": "add_aspect"}}, {"model": "auth.permission", "pk": 26, "fields": {"name": "Can change aspect", "content_type": 9, "codename": "change_aspect"}}, {"model": "auth.permission", "pk": 27, "fields": {"name": "Can delete aspect", "content_type": 9, "codename": "delete_aspect"}}, {"model": "auth.permission", "pk": 28, "fields": {"name": "Can add entity", "content_type": 10, "codename": "add_entity"}}, {"model": "auth.permission", "pk": 29, "fields": {"name": "Can change entity", "content_type": 10, "codename": "change_entity"}}, {"model": "auth.permission", "pk": 30, "fields": {"name": "Can delete entity", "content_type": 10, "codename": "delete_entity"}}, {"model": "auth.permission", "pk": 31, "fields": {"name": "Can add charts", "content_type": 11, "codename": "add_charts"}}, {"model": "auth.permission", "pk": 32, "fields": {"name": "Can change charts", "content_type": 11, "codename": "change_charts"}}, {"model": "auth.permission", "pk": 33, "fields": {"name": "Can delete charts", "content_type": 11, "codename": "delete_charts"}}, {"model": "auth.permission", "pk": 34, "fields": {"name": "Can add classification", "content_type": 12, "codename": "add_classification"}}, {"model": "auth.permission", "pk": 35, "fields": {"name": "Can change classification", "content_type": 12, "codename": "change_classification"}}, {"model": "auth.permission", "pk": 36, "fields": {"name": "Can delete classification", "content_type": 12, "codename": "delete_classification"}}, {"model": "auth.permission", "pk": 37, "fields": {"name": "Can add chart", "content_type": 11, "codename": "add_chart"}}, {"model": "auth.permission", "pk": 38, "fields": {"name": "Can change chart", "content_type": 11, "codename": "change_chart"}}, {"model": "auth.permission", "pk": 39, "fields": {"name": "Can delete chart", "content_type": 11, "codename": "delete_chart"}}, {"model": "auth.user", "pk": 1, "fields": {"password": "pbkdf2_sha256$100000$Wb5foNjqg4K9$n892AJQof8pMJO6UxMGBKxjDqH2ZEqWPzc8XAJH209I=", "last_login": "2020-08-07T17:33:37.424Z", "is_superuser": false, "username": "test", "first_name": "", "last_name": "", "email": "123@mail.ru", "is_staff": false, "is_active": true, "date_joined": "2020-07-29T09:03:00.688Z", "groups": [], "user_permissions": []}}, {"model": "auth.user", "pk": 2, "fields": {"password": "pbkdf2_sha256$100000$TjmA4N1vbefO$IFsKBdp8ZUAzQASL1FoDmYQlZu2+b4ou/tjeKlPSSHM=", "last_login": "2020-08-07T16:30:59.808Z", "is_superuser": false, "username": "test1", "first_name": "", "last_name": "", "email": "123@mail.ru", "is_staff": false, "is_active": true, "date_joined": "2020-07-29T16:07:36.302Z", "groups": [], "user_permissions": []}}, {"model": "data.project", "pk": 44, "fields": {"date_created": "2020-08-11T18:02:45.758Z", "name": "Project 1", "users": [1]}}]